Workbook

Sheet work sheet_Cloning
A1: DATE | B1: Code of Egg | C1: Injection | D1: Enulceation | F1: LED | G1: Lot No. | H1: N | I1: Time | K1: Cell | M1: Remarks | N1: LOT | O1: Activated Time | P1: Observation No. | Q1: Observation Time | R1: N | S1: Activated | T1: 2-cell (0.75 h) | U1: 4-cell (1 h) | V1: 8-cell (1.25 h) | W1: 16-cell (1.5 h) | X1: 32-cell (1.75 h) | Y1: 64-cell (2 h) | Z1: 128-cell (2.25 h) | AA1: 256-cell (2.5 h) | AB1: 512-cell (2.75 h) | AC1: 1k-cell (3 h) | AD1: High (3.3 h) | AE1: Oblong (3.7 h) | AF1: Sphere (4 h) | AG1: Dome (4.3 h) | AH1: 30%epi (4.7 h) | AI1: 50%epi (5.3 h) | AJ1: Germ ring (5.7 h) | AK1: Shield (6 h) | AL1: 75%epi (8 h) | AM1: 90%epi (9 h) | AN1: Day 1 | AO1: Day 2 | AP1: Day 3
C2: Name of cell | D2: Power (%) | E2: Pulse (us) | I2: Start | J2: Finish | K2: Break | L2: no break
P3: 1
P5: 2
P7: 3
P9: 4
P11: 5
P13: 6
P15: 1
P17: 2
P19: 3
P21: 4
P23: 5
P25: 6
... P73: 6

Sheet June
A1: No | B1: DATE | C1: Code of Egg | D1: Injection | E1: Enulceation | G1: Lot No. | H1: N | I1: Time | K1: Cell | M1: Activated | N1: Activated time | O1: 2-cell (0.75 h) | P1: 4-cell (1 h) | Q1: 8-cell (1.25 h) | R1: 16-cell (1.5 h) | S1: 32-cell (1.75 h) | T1: 64-cell (2 h) | U1: 128-cell (2.25 h) | V1: 256-cell (2.5 h) | W1: 512-cell (2.75 h) | X1: 1k-cell (3 h) | Y1: High (3.3 h) | Z1: Oblong (3.7 h) | AA1: Sphere (4 h) | AB1: Dome (4.3 h) | AC1: 30%epi (4.7 h) | AD1: 50%epi (5.3 h) | AE1: Germ ring (5.7 h) | AF1: Shield (6 h) | AG1: 75%epi (8 h) | AH1: 90%epi (9 h) | AI1: Day1 | AJ1: Day2 | AK1: Remarks
D2: Name of cell | E2: Power (%) | F2: Pulse (us) | I2: Start | J2: Finish | K2: Break | L2: no break
A3: 1 | B3: 45911 | C3: E4_2025-09-11 | D3: TU dissociated cells-11 | E3: 100 | F3: 500 | G3: 1 | H3: 2 | I3: 10.02 | J3: 10.21 | K3: TRUE | L3: FALSE | M3: 2 | N3: 10.38 | O3: 2 | P3: 0 (13.42) | AK3: Used Hoechst 1:1000, หยิบมา 3 ฟอง ไม่มี mycropyle 1 ฟอง
B4: **ใช้ injector sunlight band | C4: E4_2025-09-11 | D4: TU dissociated cells-11 | E4: 100 | F4: 500 | G4: 2 | H4: 1 | I4: 10.32 | J4: 10.39 | K4: TRUE | L4: FALSE | M4: 1 | N4: 10.57 | O4: 1 | P4: 1 | Q4: 1 | R4: 1 | S4: 1 | T4: 1 | U4: 1 (normal,13.42) | V4: 1 | W4: 1 | X4: 1 (normal,15.27) | Y4: 0 (18.43) | AK4: Used Hoechst 1:1000 หยิบมา 3 ฟอง ไม่มี mycropyle 2 ฟอง
C5: E4_2025-09-11 | D5: TU dissociated cells-11 | E5: 100 | F5: 500 | G5: 3 | H5: 1 | I5: 11.12 | J5: 11.26 | K5: TRUE | L5: FALSE | M5: 1 | N5: 11.42 | O5: 1 | P5: - | Q5: 1 (abnormal,13.42) | R5: 1 | S5: 1 | T5: 1 | U5: 1 | V5: 1 (abnormal,15.27) | W5: 1 | X5: 1 | Y5: 1 | Z5: 1 | AA5: 1 (abnormal,18.43) | AB5: 0 (18.43) | AK5: Used Hoechst 1:500 หยิบมา 5 ฟอง ไม่มี mycropyle 4 ฟอง
C6: E4_2025-09-11 | D6: TU dissociated cells-11 | E6: 100 | F6: 500 | G6: 4 | H6: 1 | I6: 11.12 | J6: 11.36 | K6: TRUE | L6: FALSE | M6: 1 | N6: 11.53 | O6: 1 | P6: 0 (13.42) | AK6: Used Hoechst 1:1000
C7: E4_2025-09-11 | D7: TU dissociated cells-11 | E7: 100 | F7: 500 | G7: 5 | H7: 1 | I7: 11.39 | J7: 11.43 | K7: TRUE | L7: FALSE | M7: 1 | N7: 11.59 | O7: 1 | P7: - | Q7: 1 (abnormal,13.42) | R7: 1 | S7: 1 | T7: 1 | U7: 1 | V7: 1 (abnormal,15.27) | W7: 1 | X7: 1 | Y7: 0 (18.43) | AK7: Used Hoechst 1:1000
C8: E4_2025-09-11 | D8: TU dissociated cells-11 | E8: 100 | F8: 500 | G8: 6 | H8: 1 | I8: 0.49444444 | J8: 12.02 | K8: TRUE | L8: FALSE | M8: 1 | N8: 12.14 | O8: 1 | P8: - | Q8: 1 (abnormal,13.42) | R8: 1 | S8: 1 | T8: 1 | U8: 1 (abnormal,15.27) | V8: 1 | W8: 1 | X8: 1 | Y8: 0 (18.43) | AK8: Used Hoechst 1:1000
C9: E4_2025-09-11 | D9: TU dissociated cells-11 | E9: 100 | F9: 500 | G9: 7 | H9: 2 | I9: 12.05 | J9: 12.22 | K9: TRUE | L9: FALSE | M9: 2 | N9: 12.38 | O9: 1 | P9: 1 (abnormal,13.42) | Q9: 1 | R9: 1 | S9: 0 (15.27) | AK9: Used Hoechst 1:1000
A10: 2 | B10: 45916 | C10: E7_2025-09-16 | D10: NHGRI dissociated cells-11 | E10: 100 | F10: 500 | G10: 1 | H10: 3 | I10: 9.4 | J10: 10.04 | K10: TRUE | L10: FALSE | M10: 3 | N10: 10.22 | O10: 1 | P10: 1 | Q10: 1 | R10: 1 | S10: 1 | T10: 1 | U10: 1 (abnormal,13.15) | V10: 0 | AK10: ค่อนข้างแย่มาก ไข่ไม่ดี หา micropyle ไม่เจอเลย 100% แต่หา metaphaseII เจอ เลยต้องทำการ laser DNA จากนั้น laser บริเวณ Animal pole เพื่อสร้างรูให้ inject เซลล์
B11: **ใช้ injector sunlight band | C11: E7_2025-09-16 | D11: NHGRI dissociated cells-11 | E11: 100 | F11: 500 | G11: 2 | H11: 1 | I11: 10.09 | J11: 10.2 | K11: TRUE | L11: FALSE | M11: 1 | N11: 10.45 | O11: 1 | P11: 1 | Q11: 1 | R11: 1 | S11: 1 | T11: 1 (abnormal,13.15) | U11: 0
C12: E7_2025-09-16 | D12: NHGRI dissociated cells-11 | E12: 100 | F12: 500 | G12: 3 | H12: 5 | I12: 10.28 | J12: 10.54 | K12: TRUE | L12: FALSE | M12: 5 | N12: 11.12 | O12: 1 | P12: 1 | Q12: 1 | R12: 1 (abnormal,13.15) | S12: 0 | T12: 0
A13: 3 | B13: 45917 | C13: E4_2025-09-17 | D13: AB Chunk-01 | E13: ✖ | F13: ✖ | G13: 1 | H13: 4 | I13: 9.31 | J13: 9.42 | K13: TRUE | L13: FALSE | M13: 4 | N13: 9.59 | O13: 3 | P13: 3 | Q13: 3 | R13: 3 | S13: 3 | T13: 3 | U13: 3 | V13: 3 | W13: 3 | X13: 3 | Y13: 3 | Z13: 2 | AA13: 2 | AB13: 2 | AC13: 2 | AD13: 2 | AE13: 2 | AF13: 1 | AG13: 1 (normal,19.49) | AH13: 0 | AK13: micropyle สวยมาก ไข่ดี
B14: **ใช้ injector sunlight band | C14: E4_2025-09-17 | D14: AB Chunk-01 | E14: 100 | F14: 500 | G14: 2 | H14: 5 | I14: 9.5 | J14: 10.09 | K14: TRUE | L14: FALSE | M14: 5 | N14: 10.3 | O14: 4 | P14: 4 | Q14: 4 | R14: 4 | S14: 4 | T14: 4 | U14: 4 | V14: 4 | W14: 4 | X14: 4 | Y14: 4 | Z14: 4 | AA14: 3 | AB14: 3 | AC14: 3 | AD14: 2 | AE14: 2 | AF14: 2 | AG14: 2 (normal&ab,19.49) | AH14: 0 | AK14: โอเคดี หยิบมา 6 ฟอง ทำได้ 5 ฟอง อีกฟองไม่มี micropyle
C15: E4_2025-09-17 | D15: AB Chunk-01 | E15: 100 | F15: 500 | G15: 3 | H15: 6 | I15: 10.14 | J15: 10.38 | K15: TRUE | L15: FALSE | M15: 6 | N15: 10.54 | O15: 3 | P15: 3 | Q15: 3 | R15: 3 | S15: 3 | T15: 3 | U15: 3 | V15: 3 | W15: 3 | X15: 2 | Y15: 2 | Z15: 1 | AA15: 1 (abnormal,16.54) | AB15: 0 | AK15: เติมเซลล์ก่อนเริ่มทำ, โอเคดี
C16: E4_2025-09-17 | D16: AB Chunk-01 | E16: 100 | F16: 500 | G16: 4 | H16: 3 | I16: 10.49 | J16: 11.09 | K16: TRUE | L16: FALSE | M16: 3 | N16: 11.25 | O16: 2 | P16: 2 | Q16: 2 | R16: 2 | S16: 2 | T16: 2 | U16: 2 | V16: 2 | W16: 2 | X16: 2 | Y16: 2 | Z16: 2 | AA16: 2 | AB16: 2 | AC16: 2 | AD16: 2 | AE16: 2 | AF16: 2 | AG16: 1 (normal,19.49) | AH16: 0 | AK16: laser ให้พี่ผึ้ง 3 ฟอง ทำเอง 3 ฟอง
C17: E4_2025-09-17 | D17: AB Chunk-01 | E17: 100 | F17: 500 | G17: 5 | H17: 4 | I17: 11.12 | J17: 11.4 | K17: TRUE | L17: FALSE | M17: 4 | N17: 11.55 | O17: 1 | P17: 1 | Q17: 1 | R17: 1 | S17: 1 | T17: 1 | U17: 1 | V17: 1 | W17: 1 | X17: 1 | Y17: 1 | Z17: 1 | AA17: 1 (abnormal,16.54) | AB17: 0 | AK17: OK
C18: E4_2025-09-17 | D18: AB Chunk-01 | E18: 100 | F18: 500 | G18: 6 | H18: 5 | I18: 11.52 | J18: 12.1 | K18: TRUE | L18: FALSE | M18: 5 | N18: 12.23 | O18: 0 | P18: 0 | AK18: OK
A19: 4 | B19: 45918 | C19: E4_2025-09-18 | D19: TU dissociated cells-12 | E19: 100 | F19: 500 | G19: 1 | H19: 2 | I19: 9.45 | J19: 10.04 | K19: TRUE | L19: FALSE | M19: 2 | N19: 10.22 | O19: 1 | P19: 1 | Q19: 1 | R19: 1 | S19: 1 | T19: 1 | U19: 1 | V19: 1 | W19: 1 | X19: 1 | Y19: 1 | Z19: 1 | AA19: 1 (normal,16.00) | AB19: 0 | AK19: ไข่ E4 ในส่วนของจูน 50:50 คือ ปนทั้งที่ mycropyle สวย metaphaseII สวย ผสมกับหา micropyle ไม่เจอ แต่เห็นดีเอ็นเอ ไข่ E6 แย่มาก แทบจะหา micropyle ไม่เจอเลย **ใช้ injector gynemed band
B20: **ใช้ injector gynemed band | C20: E6_2025-09-18 | D20: TU dissociated cells-12 | E20: 100 | F20: 500 | G20: 2 | H20: 2 | I20: 10.2 | J20: 10.31 | K20: FALSE | L20: FALSE | M20: 2 | N20: 10.48 | O20: 1 | P20: 1 | Q20: 1 | R20: 1 | S20: 1 | T20: 1 | U20: 1 | V20: 1 | W20: 1 | X20: 1 | Y20: 1 | Z20: 1 | AA20: 1 | AB20: 1 | AC20: 1 | AD20: 1 | AE20: 1 | AF20: 1 (abnormal,18.39) | AG20: 0
C21: E6_2025-09-18 | D21: TU dissociated cells-12 | E21: 100 | F21: 500 | G21: 3 | H21: 3 | I21: 10.33 | J21: 10.45 | K21: TRUE | L21: FALSE | M21: 3 | N21: 11.05 | O21: 0 | P21: 0
C22: E4_2025-09-18 | D22: TU dissociated cells-12 | E22: 100 | F22: 500 | G22: 4 | H22: 5 | I22: 10.49 | J22: 10.56 | K22: TRUE | L22: FALSE | M22: 5 | N22: 11.09 | O22: 1 | P22: 1
C23: E4_2025-09-18 | D23: TU dissociated cells-12 | E23: 100 | F23: 500 | G23: 5 | H23: 6 | I23: 11.02 | J23: 11.19 | K23: TRUE | L23: FALSE | M23: 6 | N23: 11.39 | O23: 2 | P23: 2 | Q23: 1 | R23: 1 | S23: 1 | T23: 1 | U23: 1 | V23: 1 | W23: 1 | X23: 1 | Y23: 1 | Z23: 1 | AA23: 1 | AB23: 1 | AC23: 1 | AD23: 1 | AE23: 1 | AF23: 1 (normal,18.39) | AG23: 0
C24: E4_2025-09-18 | D24: TU dissociated cells-12 | E24: 100 | F24: 500 | G24: 6 | H24: 3 | I24: 11.21 | J24: 11.48 | K24: TRUE | L24: FALSE | M24: 3 | N24: 12.05 | O24: 2 | P24: 2 | Q24: 2 | R24: 1 | S24: 1 | T24: 1 | U24: 1 | V24: 1 | W24: 1 | X24: 1 | Y24: 1 | Z24: 1 (normal,17.24) | AA24: 0
C25: E4_2025-09-18 | D25: TU dissociated cells-12 | E25: 100 | F25: 500 | G25: 7 | H25: 7 | I25: 11.51 | J25: 12.19 | K25: TRUE | L25: FALSE | M25: 7 | N25: 12.35 | O25: 2 | P25: 2 | Q25: 1 | R25: 1 | S25: 1 | T25: 1 | U25: 1 | V25: 1 | W25: 1 | X25: 1 | Y25: 1 | Z25: 1 | AA25: 1 | AB25: 1 (abnormal,18.39) | AC25: 0
A26: 5 | B26: 45923 | C26: E6_2025-09-23 | D26: NHGRI dissociated cells-12 | E26: 100 | F26: 500 | G26: 1 | H26: 3 | I26: 10.02 | J26: 10.16 | K26: TRUE | L26: FALSE | M26: 3 | N26: 10.33 | O26: 1 | P26: 0 | AK26: OK ดีมาก
C27: E6_2025-09-23 | D27: NHGRI dissociated cells-12 | E27: 100 | F27: 500 | G27: 2 | H27: 3 | I27: 10.27 | J27: 10.37 | K27: TRUE | L27: FALSE | M27: 3 | N27: 10.56 | O27: 2 | P27: 2 | Q27: 2 | R27: 2 | S27: 2 | T27: 2 | U27: 2 | V27: 2 | W27: 2 | X27: 2 | Y27: 2 | Z27: 2 | AA27: 2 | AB27: 2 | AC27: 2 | AD27: 2 | AE27: 2 | AF27: 1 | AG27: 1 | AH27: 0
C28: E6_2025-09-23 | D28: NHGRI dissociated cells-12 | E28: 100 | F28: 500 | G28: 3 | H28: 4 | I28: 10.4 | J28: 11.05 | K28: TRUE | L28: FALSE | M28: 4 | N28: 11.21 | O28: 4 | P28: 4 | Q28: 4 | R28: 4 | S28: 4 | T28: 4 | U28: 4 | V28: 4 | W28: 4 | X28: 4 | Y28: 4 | Z28: 4 | AA28: 4 | AB28: 4 | AC28: 4 | AD28: 3 | AE28: 3 | AF28: 3 | AG28: 2 | AH28: 0
C29: E6_2025-09-23 | D29: NHGRI dissociated cells-12 | E29: 100 | F29: 500 | G29: 4 | H29: 5 | I29: 11.07 | J29: 11.29 | K29: TRUE | L29: FALSE | M29: 5 | N29: 11.45 | O29: 5 | P29: 5 | Q29: 5 | R29: 3 | S29: 3 | T29: 3 | U29: 3 | V29: 3 | W29: 3 | X29: 3 | Y29: 0
C30: E6_2025-09-23 | D30: NHGRI dissociated cells-12 | E30: 100 | F30: 500 | G30: 5 | H30: 1 | I30: 11.49 | J30: 11.57 | K30: TRUE | L30: FALSE | M30: 1 | N30: 12.12 | O30: 1 | P30: 1 | Q30: 1 | R30: 0
A31: 6 | B31: 45926 | C31: E5_2025-09-26 | D31: AB dissociated cells-16 | E31: 100 | F31: 500 | G31: 1 | H31: 2 | I31: 10.2 | J31: 10.29 | K31: TRUE | L31: FALSE | M31: 2 | N31: 10.47 | O31: 1 | P31: 1 | Q31: 1 | R31: 1 | S31: 1 | T31: 1 | U31: 1 | V31: 1 | W31: 1 | X31: 1 | Y31: 1 | Z31: 1 | AA31: 1 | AB31: 1 | AC31: 1 | AD31: 1 | AE31: 1 | AF31: 1 | AG31: 1 | AH31: 1 | AI31: 1 | AJ31: 1 | AK31: หยิบมา 6 ไม่เจอ micropyle 2 ใบ เลเซอร์+ฉีด ใบต่อใบ
C32: E5_2025-09-26 | D32: AB dissociated cells-16 | E32: 100 | F32: 500 | G32: 2 | H32: 2 | I32: 10.34 | J32: 10.41 | K32: TRUE | L32: FALSE | M32: 2 | N32: 10.59 | O32: 2 | P32: 2 | Q32: 2 | R32: 2 | S32: 2 | T32: 2 | U32: 2 | V32: 2 | W32: 2 | X32: 2 | Y32: 2 | Z32: 2 | AA32: 2 | AB32: 2 | AC32: 0 | AK32: หยิบมา 6 ไม่เจอ micropyle 2 ใบ เลเซอร์+ฉีด ใบต่อใบ
C33: E6_2025-09-26 | D33: AB dissociated cells-16 | E33: 100 | F33: 500 | G33: 3 | H33: 1 | I33: 10.49 | J33: 10.56 | K33: TRUE | L33: FALSE | M33: 1 | N33: 11.14 | O33: 1 | P33: 1 | Q33: 1 | R33: 1 | S33: 1 | T33: 1 | U33: 1 | V33: 1 | W33: 1 | X33: 1 | Y33: 1 | Z33: 1 | AA33: 1 | AB33: 1 | AC33: 1 | AD33: 1 | AE33: 1 | AF33: 1 | AG33: 1 | AH33: 1 | AI33: 1 | AJ33: 1 | AK33: หยิบมา 6 ไม่เจอ micropyle 1 ใบ เลเซอร์+ฉีด ใบต่อใบ
C34: E6_2025-09-26 | D34: AB dissociated cells-16 | E34: 100 | F34: 500 | G34: 4 | H34: 5 | I34: 11.02 | J34: 11.24 | K34: TRUE | L34: FALSE | M34: 5 | N34: 11.43 | O34: 1 | P34: 1 | Q34: 1 | R34: 1 | S34: 1 | T34: 1 | U34: 1 | V34: 1 | W34: 1 | X34: 1 | Y34: 1 | Z34: 1 | AA34: 0
C35: E6_2025-09-26 | D35: AB dissociated cells-16 | E35: 100 | F35: 500 | G35: 5 | H35: 6 | I35: 11.45 | J35: 12.11 | K35: TRUE | L35: FALSE | M35: 6 | N35: 12.26 | O35: 6 | P35: 6 | Q35: 2 | R35: 2 | S35: 2 | T35: 2 | U35: 2 | V35: 2 | W35: 2 | X35: 2 | Y35: 2 | Z35: 2 | AA35: 2 | AB35: 2 | AC35: 2 | AD35: 0
C36: E6_2025-09-26 | D36: AB dissociated cells-16 | E36: 100 | F36: 500 | G36: 6 | H36: 6 | I36: 12.13 | J36: 12.35 | K36: TRUE | L36: FALSE | M36: 6 | N36: 12.5 | O36: 2 | P36: 2 | Q36: 1 | R36: 1 | S36: 1 | T36: 1 | U36: 1 | V36: 1 | W36: 1 | X36: 1 | Y36: 1 | Z36: 1 | AA36: 1 | AB36: 1 | AC36: 0
A37: 7 | B37: 45930 | C37: E2_2025-09-30 | D37: TU dissociated cells-13 | E37: 100 | F37: 500 | G37: 1 | H37: 4 | I37: 10.15 | J37: 10.34 | K37: TRUE | L37: FALSE | M37: 4 | N37: 10.52 | O37: 1 | P37: 0
C38: E2_2025-09-30 | D38: TU dissociated cells-13 | E38: 100 | F38: 500 | G38: 2 | H38: 3 | I38: 10.45 | J38: 10.58 | K38: TRUE | L38: FALSE | M38: 3 | N38: 11.14 | O38: 1 | P38: 1 | Q38: 1 | R38: 1 | S38: 1 | T38: 1 | U38: 1 | V38: 1 | W38: 1 | X38: 1 | Y38: 1 | Z38: 1 | AA38: 1 | AB38: 1 | AC38: 1 | AD38: 1 | AE38: 0
C39: E2_2025-09-30 | D39: TU dissociated cells-13 | E39: 100 | F39: 500 | G39: 3 | H39: 3 | I39: 11 | J39: 11.12 | K39: TRUE | L39: FALSE | M39: 3 | N39: 11.28 | O39: 1 | P39: 1 | Q39: 1 | R39: 1 | S39: 1 | T39: 1 | U39: 1 | V39: 1 | W39: 1 | X39: 1 | Y39: 1 | Z39: 1 | AA39: 1 | AB39: 1 | AC39: 1 | AD39: 0
C40: E2_2025-09-30 | D40: TU dissociated cells-13 | E40: 100 | F40: 500 | G40: 4 | H40: 2 | I40: 11.14 | J40: 11.23 | K40: TRUE | L40: FALSE | M40: 2 | N40: 11.39 | O40: 2 | P40: 2 | Q40: 2 | R40: 2 | S40: 2 | T40: 2 | U40: 2 | V40: 2 | W40: 2 | X40: 2 | Y40: 2 | Z40: 2 | AA40: 2 | AB40: 2 | AC40: 1 | AD40: 0
C41: E2_2025-09-30 | D41: TU dissociated cells-13 | E41: 100 | F41: 500 | G41: 5 | H41: 3 | I41: 11.32 | J41: 11.45 | K41: TRUE | L41: FALSE | M41: 3 | N41: 12.02 | O41: 2 | P41: 2 | Q41: 2 | R41: 2 | S41: 2 | T41: 2 | U41: 1 | V41: 1 | W41: 1 | X41: 1 | Y41: 1 | Z41: 1 | AA41: 1 | AB41: 1 | AC41: 1 | AD41: 0
C42: E2_2025-09-30 | D42: TU dissociated cells-13 | E42: 100 | F42: 500 | G42: 6 | H42: 3 | I42: 11.46 | J42: 11.59 | K42: TRUE | L42: FALSE | M42: 3 | N42: 12.15 | O42: 1 | P42: 1 | Q42: 1 | R42: 1 | S42: 1 | T42: 1 | U42: 1 | V42: 1 | W42: 1 | X42: 1 | Y42: 1 | Z42: 1 | AA42: 1 | AB42: 1 | AC42: 1 | AD42: 1 | AE42: 1 | AF42: 1 | AG42: 0
C43: E2_2025-09-30 | D43: TU dissociated cells-13 | E43: 100 | F43: 500 | G43: 7 | H43: 4 | I43: 12.09 | J43: 12.2 | K43: TRUE | L43: FALSE | M43: 4 | N43: 12.37 | O43: 3 | P43: 3 | Q43: 3 | R43: 3 | S43: 3 | T43: 3 | U43: 3 | V43: 3 | W43: 3 | X43: 3 | Y43: 1 | Z43: 1 | AA43: 1 | AB43: 0
C44: E2_2025-09-30 | D44: TU dissociated cells-13 | E44: 100 | F44: 500 | G44: Bee1 | H44: 4 | I44: - | J44: - | K44: TRUE | L44: FALSE | M44: 4 | N44: - | O44: 1 | P44: 1 | Q44: 1 | R44: 1 | S44: 1 | T44: 1 | U44: 1 | V44: 1 | W44: 1 | X44: 1 | Y44: 1 | Z44: 1 | AA44: 1 | AB44: 1 | AC44: 1 | AD44: 1 | AE44: 1 | AF44: 1 | AG44: 1 | AH44: 1 | AI44: 0
C45: E2_2025-09-30 | D45: TU dissociated cells-13 | E45: 100 | F45: 500 | G45: Bee2 | H45: 5 | I45: - | J45: - | K45: TRUE | L45: FALSE | M45: 5 | N45: 10.51 | O45: 5 | P45: 5 | Q45: 5 | R45: 5 | S45: 5 | T45: 5 | U45: 5 | V45: 5 | W45: 5 | X45: 5 | Y45: 5 | Z45: 5 | AA45: 5 | AB45: 5 | AC45: 3 | AD45: 1 | AE45: 1 | AF45: 1 | AG45: 1 | AH45: 0
C46: E2_2025-09-30 | D46: TU dissociated cells-13 | E46: 100 | F46: 500 | G46: Bee3 | H46: 4 | I46: - | J46: - | K46: TRUE | L46: FALSE | M46: 4 | N46: 11.1 | O46: 0
C47: E2_2025-09-30 | D47: TU dissociated cells-13 | E47: 100 | F47: 500 | G47: Bee4 | H47: 4 | I47: - | J47: - | K47: TRUE | L47: FALSE | M47: 4 | N47: 11.4 | O47: 0
C48: E2_2025-09-30 | D48: TU dissociated cells-13 | E48: 100 | F48: 500 | G48: Bee5 | H48: 4 | I48: - | J48: - | K48: TRUE | L48: FALSE | M48: 4 | N48: 12.01 | O48: 0
C49: E2_2025-09-30 | D49: TU dissociated cells-13 | E49: 100 | F49: 500 | G49: Bee6 | H49: 5 | I49: - | J49: - | K49: TRUE | L49: FALSE | M49: 5 | N49: 12.2 | O49: 2 | P49: 2 | Q49: 2 | R49: 2 | S49: 2 | T49: 2 | U49: 2 | V49: 2 | W49: 2 | X49: 2 | Y49: 2 | Z49: 2 | AA49: 2 | AB49: 0
C50: E2_2025-09-30 | D50: TU dissociated cells-13 | E50: 100 | F50: 500 | G50: Bee7 | H50: 3 | I50: - | J50: - | K50: TRUE | L50: FALSE | M50: 3 | N50: 12.34 | O50: 0
A51: 8 | B51: 45932 | C51: E6_2025-10-02 | D51: NHGRI dissociated cells-13 | E51: 100 | F51: 500 | G51: 1 | H51: 4 | I51: 10.01 | J51: 10.19 | K51: TRUE | L51: FALSE | M51: 4 | N51: 10.39 | O51: 1 | P51: 1 | Q51: 1 | R51: 1 | S51: 1 | T51: 1 | U51: 1 | V51: 1 | W51: 1 | X51: 1 | Y51: 1 | Z51: 1 | AA51: 1 | AB51: 1 | AC51: 1 | AD51: 1 | AE51: 0
C52: E6_2025-10-02 | D52: NHGRI dissociated cells-13 | E52: 100 | F52: 500 | G52: 2 | H52: 4 | I52: 10.24 | J52: 10.35 | K52: TRUE | L52: FALSE | M52: 4 | N52: 10.53 | O52: 2 | P52: 2 | Q52: 2 | R52: 2 | S52: 2 | T52: 2 | U52: 2 | V52: 2 | W52: 2 | X52: 2 | Y52: 2 | Z52: 2 | AA52: 2 | AB52: 2 | AC52: 2 | AD52: 1 | AE52: 1 | AF52: 1 | AG52: 1 | AH52: 0
C53: E6_2025-10-02 | D53: NHGRI dissociated cells-13 | E53: 100 | F53: 500 | G53: 3 | H53: 4 | I53: 10.41 | J53: 10.57 | K53: TRUE | L53: FALSE | M53: 4 | N53: 11.14 | O53: 4 | P53: 4 | Q53: 4 | R53: 4 | S53: 4 | T53: 4 | U53: 4 | V53: 4 | W53: 4 | X53: 4 | Y53: 4 | Z53: 4 | AA53: 4 | AB53: 3 | AC53: 3 | AD53: 3 | AE53: 2 | AF53: 2 | AG53: 2 | AH53: 0
C54: E6_2025-10-02 | D54: NHGRI dissociated cells-13 | E54: 100 | F54: 500 | G54: 4 | H54: 1 | I54: 11 | J54: 11.16 | K54: TRUE | L54: FALSE | M54: 1 | N54: 11.3 | O54: 1 | P54: 1 | Q54: 1 | R54: 1 | S54: 1 | T54: 1 | U54: 1 | V54: 1 | W54: 1 | X54: 1 | Y54: 1 | Z54: 1 | AA54: 1 | AB54: 1 | AC54: 1 | AD54: 1 | AE54: 1 | AF54: 1 | AG54: 0
C55: E6_2025-10-02 | D55: NHGRI dissociated cells-13 | E55: 100 | F55: 500 | G55: 5 | H55: 4 | I55: 11.17 | J55: 11.33 | K55: TRUE | L55: FALSE | M55: 4 | N55: 11.49 | O55: 3 | P55: 3 | Q55: 3 | R55: 3 | S55: 3 | T55: 1 | U55: 1 | V55: 1 | W55: 1 | X55: 0
C56: E6_2025-10-02 | D56: NHGRI dissociated cells-13 | E56: 100 | F56: 500 | G56: 6 | H56: 2 | I56: 11.36 | J56: 11.48 | K56: TRUE | L56: FALSE | M56: 2 | N56: 12.08 | O56: 2 | P56: 0
C57: E6_2025-10-02 | D57: NHGRI dissociated cells-13 | E57: 100 | F57: 500 | G57: 7 | H57: 4 | I57: 11.5 | J57: 12.04 | K57: TRUE | L57: FALSE | M57: 4 | N57: 12.2 | O57: 3 | P57: 3 | Q57: 3 | R57: 3 | S57: 3 | T57: 3 | U57: 3 | V57: 3 | W57: 1 | X57: 1 | Y57: 1 | Z57: 1 | AA57: 1 | AB57: 0
A58: 9 | B58: 45933 | C58: E3_2025-10-03 | D58: AB dissociated cells-17 | E58: 100 | F58: 500 | G58: 1 | H58: 3 | I58: 10.09 | J58: 10.25 | K58: TRUE | L58: FALSE | M58: 3 | N58: 10.45 | O58: 1 | P58: 1 | Q58: 1 | R58: 1 | S58: 1 | T58: 1 | U58: 1 | V58: 1 | W58: 1 | X58: 1 | Y58: 1 | Z58: 1 | AA58: 1 | AB58: 1 | AC58: 1 | AD58: 0
C59: E3_2025-10-04 | D59: AB dissociated cells-17 | E59: 100 | F59: 500 | G59: 2 | H59: 4 | I59: 10.27 | J59: 10.41 | K59: TRUE | L59: FALSE | M59: 4 | N59: 10.57 | O59: 1 | P59: 1 | Q59: 1 | R59: 1 | S59: 1 | T59: 1 | U59: 1 | V59: 1 | W59: 1 | X59: 1 | Y59: 1 | Z59: 1 | AA59: 1 | AB59: 1 | AC59: 1 | AD59: 1 | AE59: 1 | AF59: 0
C60: E3_2025-10-05 | D60: AB dissociated cells-17 | E60: 100 | F60: 500 | G60: 3 | H60: 2 | I60: 10.43 | J60: 10.53 | K60: TRUE | L60: FALSE | M60: 2 | N60: 11.11 | O60: 1 | P60: 1 | Q60: 1 | R60: 1 | S60: 1 | T60: 1 | U60: 1 | V60: 1 | W60: 1 | X60: 1 | Y60: 1 | Z60: 1 | AA60: 1 | AB60: 1 | AC60: 1 | AD60: 1 | AE60: 1 | AF60: 1 | AG60: 0
C61: E3_2025-10-06 | D61: AB dissociated cells-17 | E61: 100 | F61: 500 | G61: 4 | H61: 3 | I61: 11.43 | J61: 11.03 | K61: TRUE | L61: FALSE | M61: 3 | N61: 11.19 | O61: 3 | P61: 3 | Q61: 3 | R61: 3 | S61: 3 | T61: 3 | U61: 3 | V61: 3 | W61: 3 | X61: 3 | Y61: 3 | Z61: 3 | AA61: 3 | AB61: 3 | AC61: 2 | AD61: 2 | AE61: 2 | AF61: 2 | AG61: 2 | AH61: 2 | AI61: 2 | AJ61: 2 | AK61: clone no.9&10
C62: E3_2025-10-07 | D62: AB dissociated cells-17 | E62: 100 | F62: 500 | G62: 5 | H62: 3 | I62: 11.13 | J62: 11.3 | K62: TRUE | L62: FALSE | M62: 3 | N62: 11.46 | O62: 1 | P62: 1 | Q62: 1 | R62: 1 | S62: 0
C63: E3_2025-10-08 | D63: AB dissociated cells-17 | E63: 100 | F63: 500 | G63: 6 | H63: 3 | I63: 11.4 | J63: 11.57 | K63: TRUE | L63: FALSE | M63: 3 | N63: 12.11 | O63: 2 | P63: 2 | Q63: 2 | R63: 2 | S63: 2 | T63: 2 | U63: 2 | V63: 2 | W63: 1 | X63: 1 | Y63: 1 | Z63: 1 | AA63: 1 | AB63: 1 | AC63: 0
C64: E3_2025-10-09 | D64: AB dissociated cells-17 | E64: 100 | F64: 500 | G64: Bee1 | H64: 5 | I64: - | J64: - | K64: TRUE | L64: FALSE | M64: 5 | N64: 10.41 | O64: 0
C65: E3_2025-10-10 | D65: AB dissociated cells-17 | E65: 100 | F65: 500 | G65: Bee2 | H65: 5 | I65: - | J65: - | K65: TRUE | L65: FALSE | M65: 5 | N65: 11.03 | O65: 1 | P65: 1 | Q65: 1 | R65: 1 | S65: 1 | T65: 1 | U65: 1 | V65: 1 | W65: 1 | X65: 1 | Y65: 1 | Z65: 1 | AA65: 1 | AB65: 0
C66: E3_2025-10-11 | D66: AB dissociated cells-17 | E66: 100 | F66: 500 | G66: Bee3 | H66: 5 | I66: - | J66: - | K66: TRUE | L66: FALSE | M66: 5 | N66: 11.48 | O66: 3 | P66: 3 | Q66: 3 | R66: 3 | S66: 3 | T66: 3 | U66: 3 | V66: 3 | W66: 3 | X66: 3 | Y66: 3 | Z66: 3 | AA66: 2 | AB66: 1 | AC66: 1 | AD66: 1 | AE66: 1 | AF66: 1 | AG66: 0
C67: E3_2025-10-12 | D67: AB dissociated cells-17 | E67: 100 | F67: 500 | G67: Bee4 | H67: 5 | I67: - | J67: - | K67: TRUE | L67: FALSE | M67: 5 | N67: 12.07 | O67: 4 | P67: 4 | Q67: 4 | R67: 4 | S67: 4 | T67: 4 | U67: 4 | V67: 4 | W67: 4 | X67: 4 | Y67: 2 | Z67: 2 | AA67: 2 | AB67: 2 | AC67: 2 | AD67: 1 | AE67: 1 | AF67: 1 | AG67: 1 | AH67: 1 | AI67: 1 | AJ67: 1 | AK67: Clone no.11
A68: 10 | B68: 45937 | C68: E4_2025-10-07 | D68: TU dissociated cells-14 | E68: 100 | F68: 500 | G68: 1 | H68: 3 | I68: 10.16 | J68: 10.25 | K68: TRUE | L68: FALSE | M68: 3 | N68: 10.43 | O68: 1 | P68: 1 | Q68: 1 | R68: 1 | S68: 0
C69: E4_2025-10-07 | D69: TU dissociated cells-14 | G69: 2 | H69: 4 | I69: 10.29 | J69: 11.44 | K69: TRUE | L69: FALSE | M69: 4 | N69: 11.01 | O69: 2 | P69: 2 | Q69: 2 | R69: 2 | S69: 2 | T69: 2 | U69: 2 | V69: 1 | W69: 1 | X69: 1 | Y69: 1 | Z69: 1 | AA69: 1 | AB69: 1 | AC69: 1 | AD69: 1 | AE69: 1 | AF69: 1 | AG69: 1 | AH69: 1 | AI69: 1 | AJ69: 1 | AK69: Clone no. 12
C70: E4_2025-10-07 | D70: TU dissociated cells-14 | G70: 3 | H70: 4 | I70: 10.55 | J70: 11.07 | K70: TRUE | L70: FALSE | M70: 4 | N70: 11.23 | O70: 2 | P70: 2 | Q70: 2 | R70: 2 | S70: 0
C71: E4_2025-10-07 | D71: TU dissociated cells-14 | G71: 4 | H71: 5 | I71: 11.12 | J71: 11.33 | K71: TRUE | L71: FALSE | M71: 5 | N71: 11.48 | O71: 5 | P71: 0
C72: E4_2025-10-07 | D72: TU dissociated cells-14 | G72: 5 | H72: 4 | I72: 11.48 | J72: 12.06 | K72: TRUE | L72: FALSE | M72: 4 | N72: 12.22 | O72: 3 | P72: 3 | Q72: 3 | R72: 3 | S72: 3 | T72: 3 | U72: 3 | V72: 3 | W72: 3 | X72: 3 | Y72: 3 | Z72: 3 | AA72: 3 | AB72: 3 | AC72: 1 | AD72: 1 | AE72: 1 | AF72: 1 | AG72: 1 | AH72: 1 | AI72: 1 | AJ72: 1 | AK72: Clone no. 13
C73: E4_2025-10-07 | D73: TU dissociated cells-14 | G73: 6 | H73: 2 | I73: 12.09 | J73: 12.32 | K73: TRUE | L73: FALSE | M73: 2 | N73: 12.48 | O73: 2 | P73: 2 | Q73: 2 | R73: 2 | S73: 2 | T73: 2 | U73: 2 | V73: 2 | W73: 1 | X73: 1 | Y73: 1 | Z73: 0
C74: E4_2025-10-07 | D74: TU dissociated cells-14 | G74: Bee1 | H74: 5 | I74: - | J74: - | K74: TRUE | L74: FALSE | M74: 5 | N74: 10.47 | O74: 1 | P74: 1 | Q74: 1 | R74: 1 | S74: 1 | T74: 1 | U74: 1 | V74: 1 | W74: 0
C75: E4_2025-10-07 | D75: TU dissociated cells-14 | G75: Bee2 | H75: 4 | I75: - | J75: - | K75: TRUE | L75: FALSE | M75: 4 | N75: 11.02 | O75: 1 | P75: 1 | Q75: 1 | R75: 1 | S75: 1 | T75: 1 | U75: 1 | V75: 1 | W75: 1 | X75: 1 | Y75: 1 | Z75: 1 | AA75: 1 | AB75: 0
C76: E4_2025-10-07 | D76: TU dissociated cells-14 | G76: Bee3 | H76: 4 | I76: - | J76: - | K76: TRUE | L76: FALSE | M76: 4 | N76: 11.21 | O76: 1 | P76: 1 | Q76: 1 | R76: 1 | S76: 1 | T76: 1 | U76: 1 | V76: 1 | W76: 1 | X76: 1 | Y76: 1 | Z76: 1 | AA76: 0
C77: E4_2025-10-07 | D77: TU dissociated cells-14 | G77: Bee4 | H77: 3 | I77: - | J77: - | K77: TRUE | L77: FALSE | M77: 3 | N77: 11.41 | O77: 1 | P77: 1 | Q77: 1 | R77: 1 | S77: 1 | T77: 1 | U77: 1 | V77: 1 | W77: 0
C78: E4_2025-10-07 | D78: TU dissociated cells-14 | G78: Bee5 | H78: 4 | I78: - | J78: - | K78: TRUE | L78: FALSE | M78: 4 | N78: 12.25 | O78: 2 | P78: 2 | Q78: 2 | R78: 2 | S78: 2 | T78: 2 | U78: 2 | V78: 2 | W78: 2 | X78: 2 | Y78: 2 | Z78: 2 | AA78: 2 | AB78: 2 | AC78: 2 | AD78: 2 | AE78: 2 | AF78: 0
C79: E4_2025-10-07 | D79: TU dissociated cells-14 | G79: Bee6 | H79: 4 | I79: - | J79: - | K79: TRUE | L79: FALSE | M79: 4 | N79: 12.25 | O79: 4 | P79: 3 | Q79: 3 | R79: 3 | S79: 3 | T79: 3 | U79: 3 | V79: 3 | W79: 3 | X79: 3 | Y79: 1 | Z79: 0
C80: E4_2025-10-07 | D80: TU dissociated cells-14 | G80: Bee7 | H80: 5 | I80: - | J80: - | K80: TRUE | L80: FALSE | M80: 5 | N80: 12.47 | O80: 5 | P80: 2 | Q80: 2 | R80: 2 | S80: 2 | T80: 2 | U80: 2 | V80: 2 | W80: 2 | X80: 2 | Y80: 2 | Z80: 2 | AA80: 1 | AB80: 0
A81: 11 | B81: 45940 | C81: E5_2025-10-10 | D81: NHGRI dissociated cells-14 | E81: 100 | F81: 500 | G81: 1 | H81: 4 | I81: 10.14 | J81: 10.3 | K81: TRUE | L81: FALSE | M81: 4 | N81: 10.46 | O81: 1 | P81: 1 | Q81: 1 | R81: 1 | S81: 1 | T81: 1 | U81: 1 | V81: 1 | W81: 1 | X81: 1 | Y81: 1 | Z81: 1 | AA81: 1 | AB81: 0
C82: E5_2025-10-10 | D82: NHGRI dissociated cells-14 | G82: 2 | H82: 3 | I82: 10.33 | J82: 10.47 | K82: TRUE | L82: FALSE | M82: 3 | N82: 11.02 | O82: 0
C83: E5_2025-10-10 | D83: NHGRI dissociated cells-14 | G83: 3 | H83: 1 | I83: 10.56 | J83: 11.07 | K83: TRUE | L83: FALSE | M83: 1 | N83: 11.24 | O83: 1 | P83: 1 | Q83: 1 | R83: 1 | S83: 1 | T83: 1 | U83: 1 | V83: 1 | W83: 1 | X83: 1 | Y83: 1 | Z83: 1 | AA83: 1 | AB83: 0
C84: E5_2025-10-10 | D84: NHGRI dissociated cells-14 | G84: 4 | H84: 4 | I84: 11.19 | J84: 11.36 | K84: TRUE | L84: FALSE | M84: 4 | N84: 11.52 | O84: 2 | P84: 2 | Q84: 2 | R84: 2 | S84: 2 | T84: 2 | U84: 2 | V84: 2 | W84: 2 | X84: 2 | Y84: 2 | Z84: 2 | AA84: 2 | AB84: 1 | AC84: 1 | AD84: 1 | AE84: 1 | AF84: 1 | AG84: 1 | AH84: 1 | AI84: 1 | AJ84: 1 | AK84: Clone no.14
C85: E5_2025-10-10 | D85: NHGRI dissociated cells-14 | G85: Bee1 | H85: 4 | I85: - | J85: - | K85: TRUE | L85: FALSE | M85: 4 | N85: 10.37 | O85: 1 | P85: 1 | Q85: 1 | R85: 1 | S85: 1 | T85: 1 | U85: 1 | V85: 1 | W85: 1 | X85: 1 | Y85: 1 | Z85: 1 | AA85: 1 | AB85: 1 | AC85: 1 | AD85: 1 | AE85: 1 | AF85: 1 | AG85: 1 | AH85: 0
C86: E5_2025-10-10 | D86: NHGRI dissociated cells-14 | G86: Bee2 | H86: 6 | I86: - | J86: - | K86: TRUE | L86: FALSE | M86: 6 | N86: 10.57 | O86: 1 | P86: 1 | Q86: 1 | R86: 1 | S86: 1 | T86: 1 | U86: 1 | V86: 1 | W86: 1 | X86: 1 | Y86: 1 | Z86: 1 | AA86: 1 | AB86: 1 | AC86: 1 | AD86: 1 | AE86: 1 | AF86: 1 | AG86: 1 | AH86: 0
C87: E5_2025-10-10 | D87: NHGRI dissociated cells-14 | G87: Bee3 | H87: 4 | I87: - | J87: - | K87: TRUE | L87: FALSE | M87: 4 | N87: 11.08 | O87: 1 | P87: 1 | Q87: 1 | R87: 1 | S87: 1 | T87: 1 | U87: 1 | V87: 1 | W87: 1 | X87: 1 | Y87: 1 | Z87: 1 | AA87: 1 | AB87: 1 | AC87: 0
C88: E5_2025-10-10 | D88: NHGRI dissociated cells-14 | G88: Bee4 | H88: 5 | I88: - | J88: - | K88: TRUE | L88: FALSE | M88: 5 | N88: 11.26 | O88: 1 | P88: 1 | Q88: 1 | R88: 1 | S88: 1 | T88: 1 | U88: 1 | V88: 1 | W88: 1 | X88: 1 | Y88: 1 | Z88: 1 | AA88: 1 | AB88: 1 | AC88: 1 | AD88: 1 | AE88: 0
C89: E5_2025-10-10 | D89: NHGRI dissociated cells-14 | G89: Bee5 | H89: 5 | I89: - | J89: - | K89: TRUE | L89: FALSE | M89: 5 | N89: 11.46 | O89: 1 | P89: 1 | Q89: 1 | R89: 1 | S89: 1 | T89: 1 | U89: 1 | V89: 1 | W89: 1 | X89: 1 | Y89: 1 | Z89: 1 | AA89: 0
C90: E5_2025-10-10 | D90: NHGRI dissociated cells-14 | G90: Bee6 | H90: 6 | I90: - | J90: - | K90: TRUE | L90: FALSE | M90: 6 | N90: 12.1 | O90: 1 | P90: 1 | Q90: 0
A91: 12 | B91: 45944 | C91: E6_2025-10-14 | D91: AB dissociated cells-18 | E91: 100 | F91: 500 | G91: 1 | H91: 2 | I91: 9.56 | J91: 10.02 | K91: TRUE | L91: FALSE | M91: 2 | N91: 10.17 | O91: 1 | P91: 1 | Q91: 1 | R91: 1 | S91: 1 | T91: 1 | U91: 1 | V91: 1 | W91: 1 | X91: 1 | Y91: 1 | Z91: 1 | AA91: 1 | AB91: 1 | AC91: 0
C92: E6_2025-10-14 | D92: AB dissociated cells-18 | E92: 100 | F92: 500 | G92: 2 | H92: 3 | I92: 10.07 | J92: 10.2 | K92: TRUE | L92: FALSE | M92: 3 | N92: 10.36 | O92: 2 | P92: 2 | Q92: 2 | R92: 2 | S92: 2 | T92: 2 | U92: 2 | V92: 2 | W92: 2 | X92: 2 | Y92: 2 | Z92: 2 | AA92: 2 | AB92: 2 | AC92: 2 | AD92: 2 | AE92: 2 | AF92: 2 | AG92: 0
C93: E6_2025-10-14 | D93: AB dissociated cells-18 | E93: 100 | F93: 500 | G93: 3 | H93: 4 | I93: 10.26 | J93: 10.37 | K93: TRUE | L93: FALSE | M93: 4 | N93: 10.54 | O93: 1 | P93: 1 | Q93: 1 | R93: 1 | S93: 1 | T93: 1 | U93: 1 | V93: 1 | W93: 1 | X93: 1 | Y93: 1 | Z93: 1 | AA93: 1 | AB93: 1 | AC93: 1 | AD93: 0
C94: E6_2025-10-14 | D94: AB dissociated cells-18 | E94: 100 | F94: 500 | G94: 4 | H94: 2 | I94: 10.42 | J94: 10.54 | K94: TRUE | L94: FALSE | M94: 2 | N94: 11.09 | O94: 2 | P94: 2 | Q94: 2 | R94: 0
C95: E6_2025-10-14 | D95: AB dissociated cells-18 | E95: 100 | F95: 500 | G95: 5 | H95: 3 | I95: 10.55 | J95: 11.09 | K95: TRUE | L95: FALSE | M95: 3 | N95: 11.25 | O95: 1 | P95: 2 | Q95: 2 | R95: 2 | S95: 2 | T95: 2 | U95: 2 | V95: 2 | W95: 2 | X95: 2 | Y95: 2 | Z95: 2 | AA95: 2 | AB95: 2 | AC95: 2 | AD95: 2 | AE95: 1 | AF95: 1 | AG95: 1 | AH95: 1 | AI95: 1 | AJ95: 0 | AK95: Stop developing at stage 14-somite and degenerate.
C96: E6_2025-10-14 | D96: AB dissociated cells-18 | E96: 100 | F96: 500 | G96: 6 | H96: 3 | I96: 11.14 | J96: 11.27 | K96: TRUE | L96: FALSE | M96: 3 | N96: 11.43 | O96: 1 | P96: 2 | Q96: 2 | R96: 2 | S96: 2 | T96: 2 | U96: 2 | V96: 2 | W96: 2 | X96: 2 | Y96: 2 | Z96: 2 | AA96: 2 | AB96: 2 | AC96: 2 | AD96: 2 | AE96: 1 | AF96: 1 | AG96: 1 | AH96: 1 | AI96: 1 | AK96: Clone no.15
C97: E6_2025-10-14 | D97: AB dissociated cells-18 | E97: 100 | F97: 500 | G97: 7 | H97: 2 | I97: 11.3 | J97: 11.39 | K97: TRUE | L97: FALSE | M97: 2 | N97: 11.55 | O97: 1 | P97: 1 | Q97: 1 | R97: 1 | S97: 1 | T97: 1 | U97: 1 | V97: 1 | W97: 1 | X97: 1 | Y97: 1 | Z97: 1 | AA97: 1 | AB97: 1 | AC97: 1 | AD97: 1 | AE97: 1 | AF97: 1 | AG97: 1 | AH97: 1 | AI97: 1 | AK97: Clone no.16
C98: E6_2025-10-14 | D98: AB dissociated cells-18 | E98: 100 | F98: 500 | G98: 8 | H98: 3 | I98: 11.41 | J98: 11.53 | K98: TRUE | L98: FALSE | M98: 3 | N98: 12.08 | O98: 1 | P98: 1 | Q98: 1 | R98: 1 | S98: 1 | T98: 1 | U98: 1 | V98: 1 | W98: 1 | X98: 1 | Y98: 1 | Z98: 1 | AA98: 1 | AB98: 1 | AC98: 1 | AD98: 0
C99: E6_2025-10-14 | D99: AB dissociated cells-18 | E99: 100 | F99: 500 | G99: 9 | H99: 4 | I99: 11.56 | J99: 12.09 | K99: TRUE | L99: FALSE | M99: 4 | N99: 12.25 | O99: 1 | P99: 1 | Q99: 1 | R99: 1 | S99: 1 | T99: 1 | U99: 1 | V99: 1 | W99: 1 | X99: 1 | Y99: 1 | Z99: 1 | AA99: 1 | AB99: 0
A100: 13 | B100: 45946 | D100: NHGRI Chunks cells-01 | E100: 100 | F100: 500 | G100: 1 | H100: 1 | I100: 10.34 | J100: 10.45 | K100: TRUE | L100: FALSE | M100: 1 | N100: 11 | O100: 0
...

Sheet Jan
A1: No | B1: DATE | C1: Code of Egg | D1: Injection | E1: Enulceation | G1: Lot No. | H1: N | I1: Time | K1: Activated(N) | L1: Activated time | M1: 2-cell (1 h) | N1: 4-cell (1 h) | O1: 8-cell (1.25 h) | P1: 16-cell (1.5 h) | Q1: 32-cell (1.75 h) | R1: 64-cell (2 h) | S1: 128-cell (2.25 h) | T1: 256-cell (2.5 h) | U1: 512-cell (2.75 h) | V1: 1k-cell (3 h) | W1: High (3.3 h) | X1: Oblong (3.7 h) | Y1: Sphere (4 h) | Z1: Dome (4.3 h) | AA1: 30%epi (4.7 h) | AB1: 50%epi (5.3 h) | AC1: Germ ring (5.7 h) | AD1: Shield (6 h) | AE1: 75%epi (8 h) | AF1: 90%epi (9 h) | AG1: Day1 | AH1: Day2 | AI1: clone | AJ1: Remarks | AK1: Code
D2: Name of cell | E2: Power (%) | F2: Pulse (us) | I2: Start | J2: Finish
A4: 1 | B4: 45911 | C4: E4_2025-09-11 | D4: TU11-dissociated cells | E4: 100 | F4: 500 | G4: 1 | H4: 3 | I4: 10 | J4: 10.25 | K4: 3 | L4: 10.41 | M4: 2 | N4: 2 | O4: 2 | P4: 2 | Q4: 2 | R4: 2 | S4: 2 | T4: 2 | U4: 2 | V4: 2 | W4: 2 | X4: 2 | Y4: 1 | AJ4: จำนวน N ที่ได้เป็นการ pick-up egg มาครั้งละ 5 ฟอง แต่เจอ micropyle แค่จำนวน N ที่ได้ทำ
E5: LED 80 | G5: 2 | H5: 2 | I5: 10.32 | J5: 10.55 | K5: 3 | L5: 11.11 | M5: 3 | N5: 3 | O5: 2 | P5: 2 | Q5: 2 | R5: 2 | S5: 2 | T5: 2 | U5: 2 | V5: 2 | W5: 2
G6: 3 | H6: 4 | I6: 10.57 | J6: 11.21 | K6: 4 | L6: 11.45 | M6: 2 | N6: 2 | O6: 2
G7: 4 | H7: 3 | I7: 11.31 | J7: 11.45 | K7: 3 | L7: 12.02 | M7: 2 | N7: 2 | O7: 2 | P7: 2
G8: 5 | H8: 1 | I8: 11.5 | J8: 12.04 | K8: 1 | L8: 12.19 | M8: 0
G9: 6 | H9: 4 | I9: 12.07 | J9: 12.24 | K9: 4 | L9: 12.39 | M9: 0
A10: 2 | B10: 45916 | C10: E7_2025-09-16 | D10: NHGRI11-dissociated cell | E10: 100 | F10: 500 | G10: 1 | H10: 5 | I10: 9.41 | J10: 10.1 | K10: 5 | L10: 10.27 | M10: 3 | N10: 3 | O10: 3 | P10: 3 | Q10: 3 | R10: 3 | S10: 3 | T10: 3 | U10: 3 | V10: 3 | W10: 3 | X10: 2 | Y10: 1 | AJ10: egg ไม่มี micropyle injected ตำแหน่ง animal pole เลย
E11: LED 80 | G11: 2 | H11: 2 | I11: 10.12 | J11: 10.19 | K11: 2 | L11: 10.36/10.37 | M11: 2 | N11: 1 | O11: 1 | P11: 1 | Q11: 1 | R11: 1 | S11: 1 | T11: 1 | U11: 1 | V11: 1 | W11: 1
G12: 3 | H12: 2 | I12: 10.27 | J12: 10.59 | K12: 2 | L12: 10.5 | M12: 2 | N12: 2 | O12: 2 | P12: 2 | Q12: 2 | R12: 2 | S12: 2 | T12: 2 | U12: 2 | V12: 2 | W12: 2 | X12: 2 | Y12: 2 | Z12: 1 | AA12: 1 | AB12: 1 | AC12: 1 | AD12: 1 | AE12: 1 | AF12: 1 | AG12: 1(abnormal) | AH12: 1(abnormal) | AI12: ✓ | AK12: No.1_Clone3-NHGRI cell-11
G13: 4 | H13: 4 | I13: 10.38 | J13: 10.59 | K13: 4 | L13: 11.15 | M13: 4 | N13: 4 | O13: 4 | P13: 4 | Q13: 4 | R13: 4 | S13: 2 | T13: 2 | U13: 2 | V13: 2 | W13: 2 | X13: 2
G14: 5 | H14: 1 | I14: 11.02 | J14: 11.08 | K14: 1 | L14: 11.27 | M14: 0
A15: 3 | B15: 45917 | C15: E4_2025-09-17 | D15: AB01-crank | E15: 100 | F15: 500 | G15: 1 | H15: 6 | I15: 9.48 | J15: 10.13 | K15: 6 | L15: 10.31 | M15: 3 | N15: 3 | O15: 3 | P15: 3 | Q15: 3 | R15: 3 | S15: 3 | T15: 3 | U15: 3 | V15: 1 | W15: 1 | X15: 1 | Y15: 1 | Z15: 1 | AA15: 1
E16: LED 80 | G16: 2 | H16: 5 | I16: 10.16 | J16: 10.34 | K16: 5 | L16: 10.49 | M16: 2 | N16: 2 | O16: 2 | P16: 2 | Q16: 2 | R16: 2 | S16: 2 | T16: 2
G17: 3 | H17: 5 | I17: 10.49 | J17: 11.08 | K17: 5 | L17: 11.24 | M17: 4 | N17: 4 | O17: 4 | P17: 4 | Q17: 4 | R17: 4 | S17: 4 | T17: 4 | U17: 4 | V17: 4 | W17: 4 | X17: 4 | Y17: 4 | Z17: 4
G18: 4 | H18: 6 | I18: 11.25 | J18: 11.53 | K18: 6 | L18: 12.08 | M18: 3 | N18: 3 | O18: 3 | P18: 3 | Q18: 3 | R18: 3 | S18: 3 | T18: 3 | U18: 3 | V18: 3 | W18: 3 | X18: 3 | Y18: 3 | Z18: 3
G19: 5 | H19: 5 | I19: 11.57 | J19: 12.08 | K19: 5 | L19: 12.23 | M19: 1 | N19: 1 | O19: 1 | P19: 1 | Q19: 1 | R19: 1 | S19: 1 | T19: 1 | U19: 1 | V19: 1 | W19: 1 | X19: 1 | Y19: 1 | Z19: 1
G20: Bee1 | H20: na | I20: - | J20: - | K20: na | L20: na | M20: 0
G21: Bee2 | H21: 4 | I21: - | J21: - | K21: 4 | L21: 11.15 | M21: 2 | N21: 2 | O21: 2 | P21: 2 | Q21: 2 | R21: 2 | S21: 2 | T21: 2 | U21: 2 | V21: 2 | W21: 2 | X21: 2 | Y21: 2
G22: Bee3 | H22: 3 | I22: - | J22: - | K22: 3 | L22: 11.29 | M22: 3 | N22: 3
G23: Bee4 | H23: 5 | I23: - | J23: - | K23: 5 | L23: 11.45 | M23: 4 | N23: 4 | O23: 4 | P23: 4 | Q23: 2 | R23: 1 | S23: 1 | T23: 1 | U23: 1 | V23: 1 | W23: 1 | X23: 1 | Y23: 1 | Z23: 1
G24: Bee5 | H24: 5 | I24: - | J24: - | K24: 5 | L24: 12.15 | M24: 4 | N24: 4 | O24: 4 | P24: 2 | Q24: 2 | R24: 2 | S24: 2 | T24: 2 | U24: 2 | V24: 2 | W24: 2 | X24: 2 | Y24: 1 | Z24: 1
A25: 4 | B25: 45918 | C25: E4_2025-09-18 | D25: TU12- dissociated cells | E25: 100 | F25: 500 | G25: 1 | H25: 4 | I25: - | J25: 10.05 | K25: 4 | L25: 10.21 | M25: 0
E26: LED 60 | G26: 2 | H26: 4 | I26: 10.15 | J26: 10.31 | K26: 4 | L26: 10.46 | M26: 3 | N26: 3 | O26: 3 | P26: 3 | Q26: 3 | R26: 3 | S26: 3 | T26: 3 | U26: 3 | V26: 3 | W26: 3 | X26: 3 | Y26: 3 | Z26: 2
G27: 3 | H27: 3 | I27: 10.32 | J27: 10.44 | K27: 3 | L27: 11 | M27: 2 | N27: 2 | O27: 1 | P27: 1 | Q27: 1 | R27: 1 | S27: 1 | T27: 1 | U27: 1 | V27: 1 | W27: 1 | X27: 1 | Y27: 1
G28: 4 | H28: 3 | I28: 10.46 | J28: 11.03 | K28: 3 | L28: 11.2 | M28: 2 | N28: 2 | O28: 2 | P28: 2 | Q28: 2 | R28: 2 | S28: 2 | T28: 2 | U28: 2 | V28: 2 | W28: 2 | X28: 2 | Y28: 1
G29: 5 | H29: 5 | I29: 11.03 | J29: 11.23 | K29: 5 | L29: 11.37 | M29: 4 | N29: 4 | O29: 4 | P29: 4 | Q29: 4 | R29: 4 | S29: 4 | T29: 4 | U29: 4 | V29: 4 | W29: 4 | X29: 4 | Y29: 4 | Z29: 4
G30: 6 | H30: 3 | I30: 11.23 | J30: 11.45 | K30: 3 | L30: 12.02 | M30: 4 | N30: 4 | O30: 3 | P30: 3 | Q30: 3 | R30: 3 | S30: 3 | T30: 3 | U30: 3 | V30: 3 | W30: 3 | X30: 3 | Y30: 3 | Z30: 1 | AA30: 1 | AB30: 1 | AC30: 1 | AD30: 1 | AE30: 1 | AF30: 1 | AG30: 1(Normal) | AH30: 1(Normal) | AI30: ✓ | AJ30: death at Day 8 Freeze | AK30: No.2_Clone6-TU cell-12
G31: 7 | H31: 6 | I31: 11.46 | J31: 12.13 | K31: 6 | L31: 12.29 | M31: 4 | N31: 4 | O31: 3 | P31: 3 | Q31: 3 | R31: 3 | S31: 3 | T31: 3 | U31: 3 | V31: 3 | W31: 3 | X31: 3 | Y31: 3 | Z31: 1 | AA31: 1 | AB31: 1
A32: 5 | B32: 45923 | C32: E6_2025-09-23 | D32: NHGRI12-dissociated cell | E32: 100 | F32: 500 | G32: 1 | H32: 4 | I32: 10.05 | J32: 10.22 | K32: 4 | L32: 10.39 | M32: 4 | N32: 4 | O32: 4 | P32: 4 | Q32: 4 | R32: 4 | S32: 4 | T32: 4 | U32: 4 | V32: 4 | W32: 4 | X32: 2
E33: LED 60 | G33: 2 | H33: 3 | I33: 10.24 | J33: 10.38 | K33: 3 | L33: 10.57 | M33: 2 | N33: 2 | O33: 2 | P33: 2 | Q33: 2 | R33: 2 | S33: 2 | T33: 2 | U33: 2 | V33: 2 | W33: 2 | X33: 2 | Y33: 1
G34: 3 | H34: 2 | I34: 10.45 | J34: 10.58 | K34: 2 | L34: 11.14 | M34: 2 | N34: 2 | O34: 2 | P34: 2 | Q34: 2 | R34: 2 | S34: 2 | T34: 2 | U34: 2 | V34: 2 | W34: 2 | X34: 1 | Y34: 1
G35: 4 | H35: 2 | I35: 11 | J35: 11.17 | K35: 2 | L35: 11.33 | M35: 2 | N35: 1 | O35: 1 | P35: 1 | Q35: 1 | R35: 1 | S35: 1 | T35: 1 | U35: 1 | V35: 1 | W35: 1 | X35: 1 | Y35: 1
G36: 5 | H36: 2 | I36: - | J36: 11.4 | K36: 2 | L36: 11.58 | M36: 2 | N36: 2 | O36: 2 | P36: 2 | Q36: 2 | R36: 2 | S36: 2 | T36: 2 | U36: 2 | V36: 2 | W36: 2 | X36: 2
G37: 6 | H37: 1 | I37: 11.41 | J37: 11.52 | K37: 1 | L37: 12.06 | M37: 1 | N37: 1 | O37: 1 | P37: 1 | Q37: 1 | R37: 1 | S37: 1 | T37: 1 | U37: 1 | V37: 1 | W37: 1 | X37: 1 | Y37: 1
G38: 7 | H38: 3 | I38: 12.04 | J38: 12.21 | K38: 3 | L38: 12.35 | M38: 3 | N38: 2 | O38: 2
G39: Bee1 | H39: 3 | I39: - | J39: - | K39: 3 | L39: 10.55 | M39: 2 | N39: 2 | O39: 2 | P39: 2 | Q39: 2 | R39: 2 | S39: 2 | T39: 2 | U39: 2 | V39: 1 | W39: 1 | X39: 1 | Y39: 1
G40: Bee2 | H40: 2 | I40: - | J40: - | K40: 2 | L40: 11.11 | M40: 2 | N40: 2 | O40: 2 | P40: 2 | Q40: 2 | R40: 2 | S40: 2 | T40: 2 | U40: 2 | V40: 2 | W40: 2 | X40: 2 | Y40: 2 | Z40: 1 | AA40: 1 | AB40: 1 | AC40: 1 | AD40: 1 | AE40: 1 | AF40: 1 | AG40: 1(Abnormal) | AH40: 1(Abnormal) | AI40: ✓ | AJ40: Abnormal freeze at day 3 | AK40: No.3_Clone2-NHGRI cell-12
G41: Bee3 | H41: 3 | I41: - | J41: - | K41: 3 | L41: 11.36 | M41: 3 | N41: 1 | O41: 1 | P41: 1 | Q41: 1 | R41: 1 | S41: 1 | T41: 1 | U41: 1
G42: Bee4 | H42: 3 | I42: - | J42: - | K42: 3 | L42: 12.1 | M42: 2 | N42: 2 | O42: 2 | P42: 2 | Q42: 2 | R42: 2 | S42: 2 | T42: 2 | U42: 2 | V42: 2 | W42: 2 | X42: 1
G43: Bee5 | H43: 3 | I43: - | J43: - | K43: 3 | L43: 12.28 | M43: 2 | N43: 2 | O43: 2 | P43: 2 | Q43: 2 | R43: 2 | S43: 2 | T43: 2 | U43: 2 | V43: 2 | W43: 2 | X43: 2 | Y43: 2
A44: 6 | B44: 45926 | C44: E5_2025-09-26 | D44: AB16-dissociated cell | E44: 100 | F44: 500 | G44: 1 | H44: 1 | I44: 10.08 | J44: 10.2 | K44: 1 | L44: 10.35 | M44: 0
C45: E5_2025-09-26 | E45: LED 60 | G45: 2 | H45: 4 | I45: 10.21 | J45: 10.39 | K45: 4 | L45: 10.54 | M45: 2 | N45: 2 | O45: 2 | P45: 2 | Q45: 2 | R45: 2 | S45: 2 | T45: 2 | U45: 2 | V45: 2 | W45: 2 | X45: 2 | Y45: 1
C46: E6_2025-09-26 | G46: 3 | H46: 3 | I46: 10.47 | J46: 11.06 | K46: 3 | L46: 11.23 | M46: 1 | N46: 1 | O46: 1 | P46: 1 | Q46: 1 | R46: 1 | S46: 1 | T46: 1
C47: E5_2025-09-26 | G47: 4 | H47: 3 | I47: 11.1 | J47: 11.35 | K47: 3 | L47: 11.5 | M47: 2 | N47: 2 | O47: 2 | P47: 2 | Q47: 2 | R47: 2 | S47: 2 | T47: 2 | U47: 2 | V47: 2 | W47: 2 | X47: 1 | Y47: 1 | Z47: 1
C48: E6_2025-09-26 | G48: 5 | H48: 4 | I48: 11.45 | J48: - | K48: 4 | L48: 12.34 | M48: 4 | N48: 4 | O48: 4 | P48: 4 | Q48: 4 | R48: 4 | S48: 4 | T48: 4 | U48: 3 | V48: 3 | W48: 3
C49: E6_2025-09-26 | G49: 6 | H49: 4 | I49: - | J49: 12.33 | K49: 4 | L49: 12.48 | M49: 3 | N49: 3 | O49: 3 | P49: 3 | Q49: 3 | R49: 3 | S49: 1 | T49: 1 | U49: 1 | V49: 1
A50: 7 | B50: 45930 | C50: E2_2025-09-30 | D50: TU13-dissociated cell | E50: 100 | F50: 500 | G50: 1 | H50: 5 | I50: 9.49 | J50: 10.14 | K50: 5 | L50: 10.3 | M50: 3 | N50: 3 | O50: 3 | P50: 3 | Q50: 3 | R50: 3 | S50: 3 | T50: 3 | U50: 3 | V50: 3 | W50: 3 | X50: 3 | Y50: 3
E51: LED 60 | G51: 2 | H51: 4 | I51: 10.22 | J51: 10.38 | K51: 4 | L51: 10.54 | M51: 3 | N51: 3 | O51: 3 | P51: 3 | Q51: 3 | R51: 3 | S51: 3 | T51: 3 | U51: 2 | V51: 2 | W51: 2 | X51: 2 | Y51: 2
G52: 3 | H52: 5 | I52: 10.39 | J52: 10.56 | K52: 5 | L52: 11.12 | M52: 3 | N52: 2 | O52: 2 | P52: 2 | Q52: 2 | R52: 2 | S52: 2 | T52: 2 | U52: 2 | V52: 2 | W52: 2 | X52: 2 | Y52: 2
G53: 4 | H53: 3 | I53: 11.1 | J53: 11.22 | K53: 3 | L53: 11.38 | M53: 1 | N53: 1 | O53: 1 | P53: 1 | Q53: 1 | R53: 1 | S53: 1 | T53: 1 | U53: 1 | V53: 1 | W53: 1 | X53: 1 | Y53: 1 | Z53: 1
G54: 5 | H54: 6 | I54: 11.22 | J54: 11.4 | K54: 6 | L54: 12.03 | M54: 3 | N54: 3 | O54: 2 | P54: 2 | Q54: 2 | R54: 2 | S54: 2 | T54: 2 | U54: 2 | V54: 2 | W54: 2 | X54: 2 | Y54: 2 | Z54: 2 | AA54: 1
G55: 6 | H55: 6 | I55: 11.48 | J55: 12.04 | K55: 6 | L55: 12.21 | M55: 4 | N55: 4 | O55: 4 | P55: 2 | Q55: 2 | R55: 2 | S55: 2 | T55: 2 | U55: 2 | V55: 2 | W55: 2 | X55: 2 | Y55: 2
G56: 7 | H56: 5 | I56: 12.05 | J56: 12.2 | K56: 5 | L56: 12.37 | M56: 1 | N56: 1 | O56: 1 | P56: 1 | Q56: 1 | R56: 1 | S56: 1 | T56: 1 | U56: 1 | V56: 1
A57: 8 | B57: 45932 | C57: E6_2025-10-02 | D57: NHGRI13-dissociated cell | E57: 100 | F57: 500 | G57: 1 | H57: 6 | I57: 10.05 | J57: 10.3 | K57: 6 | L57: 10.45 | M57: 4 | N57: 4 | O57: 4 | P57: 4 | Q57: 4 | R57: 4 | S57: 4 | T57: 4 | U57: 4 | V57: 4 | W57: 4 | X57: 1 | Y57: 1
E58: LED 60 | G58: 2 | H58: 4 | I58: 10.31 | J58: 10.47 | K58: 4 | L58: 11.03 | M58: 2 | N58: 2 | O58: 2 | P58: 2
G59: 3 | H59: 6 | I59: 10.48 | J59: 11.13 | K59: 6 | L59: 11.29 | M59: 3 | N59: 3 | O59: 3 | P59: 3 | Q59: 3 | R59: 3 | S59: 3 | T59: 3 | U59: 3 | V59: 3 | W59: 3 | X59: 2 | Y59: 2 | Z59: 2 | AA59: 1 | AB59: 1 | AC59: 1 | AD59: 1
G60: 4 | H60: 5 | I60: 11.15 | J60: 11.38 | K60: 5 | L60: 11.53 | M60: 4 | N60: 4 | O60: 4 | P60: 4 | Q60: 4 | R60: 4 | S60: 2 | T60: 2 | U60: 2 | V60: 2
G61: 5 | H61: 6 | I61: 11.39 | J61: 12.18 | K61: 6 | L61: 12.33 | M61: 6 | N61: 4 | O61: 4 | P61: 4 | Q61: 4 | R61: 4 | S61: 4 | T61: 3 | U61: 3 | V61: 3 | W61: 3 | Y61: 2 | Z61: 2 | AA61: 2 | AB61: 2 | AC61: 2 | AD61: 1 | AE61: 1 | AF61: 1 | AG61: 1 | AH61: 1 | AI61: ✓ | AJ61: ✓ | AK61: No.8_Clone5-NHGRI cell-13
A62: 9 | B62: 45933 | C62: E3_2025-10-03 | D62: AB17-dissociated cell | E62: 100 | F62: 500 | G62: 1 | H62: 5 | I62: 10.03 | J62: 10.23 | K62: 5 | L62: 10.4 | M62: 5
E63: LED 60 | G63: 2 | H63: 5 | I63: 10.3 | J63: 10.41 | K63: 5 | L63: 10.58 | M63: 1 | N63: 1 | O63: 1 | P63: 1 | Q63: 1 | R63: 1 | S63: 1 | T63: 1 | U63: 1
G64: 3 | H64: 2 | I64: 10.48 | J64: 11.08 | K64: 2 | L64: 11.25 | M64: 5 | N64: 3 | O64: 3 | P64: 2 | Q64: 2 | R64: 2 | S64: 2 | T64: 2 | U64: 2 | V64: 1 | W64: 1 | X64: 1 | Y64: 1
G65: 4 | H65: 5 | I65: 11.1 | J65: 11.34 | K65: 5 | L65: 11.5 | M65: 5 | N65: 4 | O65: 4 | P65: 4 | Q65: 4 | R65: 4 | S65: 4 | T65: 4 | U65: 4 | V65: 4 | W65: 4
G66: 5 | H66: 5 | I66: 11.36 | J66: 12.01 | K66: 5 | L66: 12.16 | M66: 5 | N66: 4 | O66: 3 | P66: 3 | Q66: 3 | R66: 3 | S66: 3 | T66: 3 | U66: 3 | V66: 3
A67: 10 | B67: 45937 | C67: E4_2025-10-07 | D67: TU14-dissociated cell | E67: 100 | F67: 500 | G67: 1 | H67: 3 | I67: 10.09 | J67: 10.23 | K67: 3 | L67: 10.38 | M67: 3 | N67: 1 | O67: 1 | P67: 1 | Q67: 1 | R67: 1 | S67: 1
E68: LED 60 | G68: 2 | H68: 4 | I68: 10.3 | J68: 10.44 | K68: 4 | L68: 10.59 | M68: 3 | N68: 3 | O68: 3 | P68: 3 | Q68: 2 | R68: 2 | S68: 2 | T68: 2 | U68: 2 | V68: 2 | W68: 2 | X68: 2 | Y68: 2 | Z68: 1 | AA68: 1 | AB68: 1 | AC68: 1 | AD68: 1
G69: 3 | H69: 4 | I69: 10.45 | J69: 11.03 | K69: 4 | L69: 11.19 | M69: 4 | N69: 4 | O69: 4 | P69: 4 | Q69: 3 | R69: 3 | S69: 3 | T69: 3 | U69: 3 | V69: 3 | W69: 3 | X69: 3 | Y69: 3 | Z69: 3 | AA69: 2
G70: 4 | H70: 4 | I70: 11.11 | J70: 11.24 | K70: 4 | L70: 11.38 | M70: 4 | N70: 1 | O70: 1 | P70: 1 | Q70: 1 | R70: 1 | S70: 1 | T70: 1 | U70: 1 | V70: 1 | W70: 1 | X70: 1 | Y70: 1 | Z70: 1 | AA70: 1 | AB70: 1 | AC70: 1 | AD70: 1 | AE70: 1
G71: 5 | H71: 4 | I71: 11.25 | J71: 11.38 | K71: 4 | L71: 11.54 | M71: 4 | N71: 4 | O71: 4 | P71: 3 | Q71: 1
G72: 6 | H72: 4 | I72: 11.56 | J72: 12.13 | K72: 4 | L72: 12.27 | M72: 4 | N72: 4 | O72: 4 | P72: 2 | Q72: 2 | R72: 2 | S72: 2 | T72: 2 | U72: 2 | V72: 2 | W72: 2 | X72: 2 | Y72: 2 | Z72: 1
G73: 7 | H73: 4 | I73: 12.2 | J73: 12.35 | K73: 4 | L73: 12.5 | M73: 4 | N73: 4 | O73: 4 | P73: 2 | Q73: 2 | R73: 2 | S73: 2 | T73: 2 | U73: 2 | V73: 2 | W73: 2 | X73: 1
A74: 11 | B74: 45940 | C74: E5_2025-10-10 | D74: NHGR14-dissociated cell | E74: 100 | F74: 500 | G74: 1 | H74: 5 | I74: 9.58 | J74: 10.19 | K74: 5 | L74: 10.34 | M74: 3 | N74: 1 | O74: 1 | P74: 1 | Q74: 1 | R74: 1 | S74: 1 | T74: 1 | U74: 1 | V74: 1 | W74: 1 | X74: 1 | Y74: 1 | Z74: 1
E75: LED 65 | G75: 2 | H75: 4 | I75: 10.46 | J75: 10.58 | K75: 4 | L75: 11.33 | M75: 1 | N75: 1 | O75: 1 | P75: 1 | Q75: 1 | R75: 1 | S75: 1 | T75: 1 | U75: 1 | V75: 1 | W75: 1 | X75: 1 | Y75: 1 | Z75: 1 | AA75: 1
G76: 3 | H76: 4 | I76: 11 | J76: 11.2 | K76: 4 | L76: 11.35 | M76: 3 | N76: 3 | O76: 3 | P76: 3 | Q76: 3 | R76: 3 | S76: 3 | T76: 3 | U76: 3 | V76: 3 | W76: 3 | X76: 3 | Y76: 3 | Z76: 2
G77: 4 | H77: 4 | I77: 11.22 | J77: 11.39 | K77: 4 | L77: 11.57 | M77: 2 | N77: 2 | O77: 2 | P77: 2 | Q77: 2 | R77: 2 | S77: 2 | T77: 2 | U77: 2 | V77: 2 | W77: 2 | X77: 2 | Y77: 2 | Z77: 2 | AA77: 1
A78: 12 | B78: 45944 | C78: E6_2025-10-14 | D78: AB18-dissociated cell | E78: 100 | F78: 500 | G78: 1 | H78: 1 | I78: 10.03 | J78: 10.14 | K78: 1 | L78: 10.3 | M78: 2
E79: LED 60 | G79: 2 | H79: 4 | I79: 10.15 | J79: 10.34 | K79: 4 | L79: 10.5 | M79: 1 | N79: 1 | O79: 1 | P79: 1 | Q79: 1 | R79: 1 | S79: 1 | T79: 1 | U79: 1 | V79: 1 | W79: 1
G80: 3 | H80: 3 | I80: 10.38 | J80: 10.49 | K80: 3 | L80: 11.04 | M80: 2 | N80: 2 | O80: 2 | P80: 2 | Q80: 2 | R80: 2 | S80: 2 | T80: 2 | U80: 2 | V80: 2 | W80: 1
G81: 4 | H81: 2 | I81: 10.52 | J81: 10.58 | K81: 2 | L81: 11.14 | M81: 1 | N81: 1 | O81: 1 | P81: 1 | Q81: 1 | R81: 1 | S81: 1 | T81: 1 | U81: 1 | V81: 1 | W81: 1 | X81: 1 | Y81: 1
G82: 5 | H82: 4 | I82: 11 | J82: 11.11 | K82: 4 | L82: 11.26 | M82: 3 | N82: 3 | O82: 3 | P82: 3 | Q82: 3 | R82: 3 | S82: 3 | T82: 3 | U82: 3 | V82: 3 | W82: 3 | X82: 2 | Y82: 1
G83: 6 | H83: 3 | I83: 11.16 | J83: 11.32 | K83: 3 | L83: 11.44 | M83: 3 | N83: 3 | O83: 3
G84: 7 | H84: 3 | I84: 11.32 | J84: 11.46 | K84: 3 | L84: 11.59 | M84: 3 | N84: 3
G85: 8 | H85: 3 | I85: 11.46 | J85: 12.01 | K85: 3 | L85: 12.15 | M85: 3 | N85: 3 | O85: 3 | P85: 3 | Q85: 3 | R85: 3 | S85: 3 | T85: 3 | U85: 3 | V85: 3 | W85: 3 | X85: 3
G86: 9 | H86: 3 | I86: 12.03 | J86: 12.16 | K86: 3 | L86: 12.31 | M86: 3 | N86: 3 | O86: 3 | P86: 1 | Q86: 1 | R86: 1 | S86: 1 | T86: 1 | U86: 1 | V86: 1 | W86: 1 | X86: 1 | Y86: 1 | Z86: 1 | AA86: 1
A87: 13 | B87: 45946 | C87: E5_2025-10-16 | D87: NHGRI Chunks cells-01 | E87: 100 | F87: 500 | G87: 1 | H87: 2 | I87: 10.36 | J87: 10.45 | K87: 2 | L87: 11.02 | M87: 2 | N87: 2
E88: LED 70 | G88: 2 | H88: 5 | I88: 10.46 | J88: 11.07 | K88: 5 | L88: 11.22 | M88: 4 | N88: 3 | O88: 3 | P88: 1 | Q88: 1 | R88: 1 | S88: 1 | T88: 1 | U88: 1 | V88: 1 | W88: 1 | X88: 1
G89: 3 | H89: 3 | I89: 11.08 | J89: 11.22 | K89: 3 | L89: 11.38 | M89: 2 | N89: 2 | O89: 2 | P89: 2 | Q89: 2 | R89: 2 | S89: 2 | T89: 2 | U89: 2 | V89: 2 | W89: 2 | X89: 2 | Y89: 2 | Z89: 2 | AA89: 1 | AB89: 1 | AC89: 1 | AD89: 1 | AE89: 1 | AF89: 1 | AG89: 1 | AH89: 1 | AI89: ✓ | AJ89: abnormal freeze at day 5 | AK89: No.17_Clone3-NHGRI cell-01
G90: 4 | H90: 5 | I90: 11.25 | J90: 11.45 | K90: 5 | L90: 12.01 | M90: 3 | N90: 3
G91: 5 | H91: 5 | I91: 11.47 | J91: 12.08 | K91: 5 | L91: 12.24 | M91: 2 | N91: 2 | O91: 1 | P91: 1 | Q91: 1 | R91: 1 | S91: 1 | T91: 1 | U91: 1 | V91: 1 | W91: 1 | X91: 1 | Y91: 1
A92: 14 | B92: 45950 | C92: E7_2025-10-20 | D92: NHGRI dissociated cells-15 | E92: 100 | F92: 500 | G92: 1 | H92: 5 | I92: 10.18 | J92: 10.38 | K92: 5 | L92: 10.52 | M92: 2 | N92: 2 | O92: 2 | P92: 2 | Q92: 2 | R92: 2 | S92: 2 | T92: 2 | U92: 2 | V92: 2 | W92: 2 | X92: 2
C93: E7_2025-10-21 | E93: LED 70 | G93: 2 | H93: 5 | I93: 10.4 | J93: 10.56 | K93: 5 | L93: 11.14 | M93: 0
C94: E7_2025-10-22 | G94: 3 | H94: 5 | I94: 11.05 | J94: 11.2 | K94: 5 | L94: 11.35 | M94: 1 | N94: 1 | O94: 1 | P94: 1 | Q94: 1 | R94: 1 | S94: 1 | T94: 1 | U94: 1 | V94: 1 | W94: 1 | X94: 1 | Y94: 1 | Z94: 1 | AA94: 1 | AB94: 1 | AC94: 1 | AD94: 1 | AE94: 1 | AF94: 1 | AG94: 1 | AH94: 1 | AI94: ✓ | AJ94: Normal
C95: E5_2025-10-23 | G95: 4 | H95: 5 | I95: 11.24 | J95: 11.41 | K95: 5 | L95: 11.56 | M95: 1 | N95: 1 | O95: 1 | P95: 1 | Q95: 1 | R95: 1 | S95: 1 | T95: 1 | U95: 1 | V95: 1 | W95: 1
C96: E5_2025-10-24 | G96: 5 | H96: 5 | I96: 11.43 | J96: 12.02 | K96: 5 | L96: 12.2 | M96: 1 | N96: 1 | O96: 1 | P96: 1 | Q96: 1 | R96: 1 | S96: 1 | T96: 1 | U96: 1 | V96: 1 | W96: 1 | X96: 1 | Y96: 1 | Z96: 1 | AA96: 1 | AB96: 1
C97: E5_2025-10-25 | G97: 6 | H97: 5 | I97: 12.11 | J97: 12.27 | K97: 5 | L97: 12.43 | M97: 1 | N97: 1 | O97: 1 | P97: 1 | Q97: 1 | R97: 1 | S97: 1 | T97: 1 | U97: 1 | V97: 1 | W97: 1 | X97: 1 | Y97: 1
A98: 16 | B98: 45954 | C98: E2_2025-10-24 | D98: AB Chunks cells-02 | E98: 100 | F98: 500 | G98: 1 | H98: 5 | I98: 9.59 | J98: 10.12 | K98: 5 | L98: 10.28 | M98: 1 | N98: 1 | O98: 1 | P98: 1 | Q98: 1 | R98: 1 | S98: 1 | T98: 1 | U98: 1 | V98: 1 | W98: 1 | X98: 1
E99: LED 60 | G99: 2 | H99: 2 | I99: 10.16 | J99: 10.3 | K99: 2 | L99: 10.45 | M99: 2 | N99: 2 | O99: 2 | P99: 2 | Q99: 2 | R99: 2 | S99: 2 | T99: 2 | U99: 2 | V99: 2 | W99: 2 | X99: 2 | Y99: 2
G100: 3 | H100: 3 | I100: 10.3 | J100: 10.5 | K100: 3 | L100: 11.04 | M100: 2 | N100: 2 | O100: 2 | P100: 2 | Q100: 2 | R100: 2 | S100: 2 | T100: 2 | U100: 2 | V100: 2 | W100: 2 | X100: 2 | Y100: 1
G101: 4 | H101: 4 | I101: 10.51 | J101: 11.05 | K101: 4 | L101: 11.23 | M101: 3 | N101: 2 | O101: 2 | P101: 2 | Q101: 2 | R101: 2 | S101: 2 | T101: 2 | U101: 2 | V101: 2 | W101: 2 | X101: 2
...

Sheet raw data
A1: No | B1: DATE | C1: Recipient egg | D1: % NBD | F1: Lot of CSOF | G1: Code of Egg | H1: Group | I1: Injection | J1: Enulceation | M1: Lot No. | N1: N | O1: Time | Q1: Activated | R1: Activated time | S1: 2-cell (1 h) | T1: 4-cell (1 h) | U1: 8-cell (1.25 h) | V1: 16-cell (1.5 h) | W1: 32-cell (1.75 h) | X1: 64-cell (2 h) | Y1: 128-cell (2.25 h) | Z1: 256-cell (2.5 h) | AA1: 512-cell (2.75 h) | AB1: 1k-cell (3 h) | AC1: High (3.3 h) | AD1: Oblong (3.7 h) | AE1: Sphere (4 h) | AF1: Dome (4.3 h) | AG1: 30%epi (4.7 h) | AH1: 50%epi (5.3 h) | AI1: Germ ring (5.7 h) | AJ1: Shield (6 h) | AK1: 75%epi (8 h) | AL1: 90%epi (9 h) | AM1: Day1 | AN1: Day2 | AO1: clone | AP1: Zebrafish normal in system | AQ1: Remarks | AR1: BY
E2: % IVF | I2: Name of cell | J2: Power (%) | K2: Pulse (us) | L2: LED | O2: Start | P2: Finish | AU2: Timepoint | AV2: N_TU | AW2: %N_TU | AX2: N_NHGRI | AY2: %N_NHGRI | AZ2: N_AB | BA2: %N_AB
A3: 1 | B3: 45911 | C3: TAB taiwan 28-6-24 | D3: 16 cell = 55% | F3: CSOF 2024-19 | G3: E4_2025-09-11 | H3: TU | I3: TU dissociated cells-11 | J3: 100 | K3: 500 | L3: 80 | M3: 1 | N3: 3 | O3: 10 | P3: 10.25 | Q3: 3 | R3: 10.41 | S3: 2 | T3: 2 | U3: 2 | V3: 2 | W3: 2 | X3: 2 | Y3: 2 | Z3: 2 | AA3: 2 | AB3: 2 | AC3: 2 | AD3: 2 | AE3: 1 | AF3: 0 | AQ3: จำนวน N ที่ได้เป็นการ pick-up egg มาครั้งละ 5 ฟอง แต่เจอ micropyle แค่จำนวน N ที่ได้ทำ | AR3: Jan | AT3: L | AU3: Total number | AV3: =SUMIFS(N$3:N$997,H$3:H$997,"TU") -> 450 | AX3: =SUMIFS(N$3:N$997,H$3:H$997,"NHGRI") -> 484 | AZ3: =SUMIFS(N$3:N$997,H$3:H$997,"AB") -> 482
D4: day 1 = 16.66 % | G4: E4_2025-09-11 | H4: TU | I4: TU dissociated cells-11 | J4: 100 | K4: 500 | M4: 2 | N4: 3 | O4: 10.32 | P4: 10.55 | Q4: 3 | R4: 11.11 | S4: 3 | T4: 3 | U4: 2 | V4: 2 | W4: 2 | X4: 2 | Y4: 2 | Z4: 2 | AA4: 2 | AB4: 2 | AC4: 2 | AD4: 0 | AT4: O | AU4: Activated | AV4: =SUMIFS(Q$3:Q$997,H$3:H$997,"TU") -> 450 | AW4: =(AV4*100)/AV3 -> 100 | AX4: =SUMIFS(Q$3:Q$997,H$3:H$997,"NHGRI") -> 484 | AY4: =(AX4*100)/AX3 -> 100 | AZ4: =SUMIFS(Q$3:Q$997,H$3:H$997,"AB") -> 482 | BA4: =(AZ4*100)/AZ3 -> 100
G5: E4_2025-09-11 | H5: TU | I5: TU dissociated cells-11 | J5: 100 | K5: 500 | M5: 3 | N5: 4 | O5: 10.57 | P5: 11.21 | Q5: 4 | R5: 11.45 | S5: 2 | T5: 2 | U5: 2 | V5: 0 | AT5: Q | AU5: 2-cell (1 h) | AV5: =SUMIFS(S$3:S$997,H$3:H$997,"TU") -> 203 | AW5: =(AV5*100)/AV3 -> 45.111111 | AX5: =SUMIFS(S$3:S$997,H$3:H$997,"NHGRI") -> 234 | AY5: =(AX5*100)/AX3 -> 48.347107 | AZ5: =SUMIFS(S$3:S$997,H$3:H$997,"AB") -> 230 | BA5: =(AZ5*100)/AZ3 -> 47.717842
G6: E4_2025-09-11 | H6: TU | I6: TU dissociated cells-11 | J6: 100 | K6: 500 | M6: 4 | N6: 3 | O6: 11.31 | P6: 11.45 | Q6: 3 | R6: 12.02 | S6: 2 | T6: 2 | U6: 2 | V6: 2 | AT6: R | AU6: 4-cell (1 h) | AV6: =SUMIFS(T$3:T$997,H$3:H$997,"TU") -> 185 | AW6: =(AV6*100)/AV3 -> 41.111111 | AX6: =SUMIFS(T$3:T$997,H$3:H$997,"NHGRI") -> 220 | AY6: =(AX6*100)/AX3 -> 45.454545 | AZ6: =SUMIFS(T$3:T$997,H$3:H$997,"AB") -> 213 | BA6: =(AZ6*100)/AZ3 -> 44.190871
G7: E4_2025-09-11 | H7: TU | I7: TU dissociated cells-11 | J7: 100 | K7: 500 | M7: 5 | N7: 1 | O7: 11.5 | P7: 12.04 | Q7: 1 | R7: 12.19 | S7: 0 | AT7: S | AU7: 8-cell (1.25 h) | AV7: =SUMIFS(U$3:U$997,H$3:H$997,"TU") -> 169 | AW7: =(AV7*100)/AV3 -> 37.555556 | AX7: =SUMIFS(U$3:U$997,H$3:H$997,"NHGRI") -> 210 | AY7: =(AX7*100)/AX3 -> 43.38843 | AZ7: =SUMIFS(U$3:U$997,H$3:H$997,"AB") -> 199 | BA7: =(AZ7*100)/AZ3 -> 41.286307
G8: E4_2025-09-11 | H8: TU | I8: TU dissociated cells-11 | J8: 100 | K8: 500 | M8: 6 | N8: 4 | O8: 12.07 | P8: 12.24 | Q8: 4 | R8: 12.39 | S8: 0 | AT8: T | AU8: 16-cell (1.5 h) | AV8: =SUMIFS(V$3:V$997,H$3:H$997,"TU") -> 156 | AW8: =(AV8*100)/AV3 -> 34.666667 | AX8: =SUMIFS(V$3:V$997,H$3:H$997,"NHGRI") -> 201 | AY8: =(AX8*100)/AX3 -> 41.528926 | AZ8: =SUMIFS(V$3:V$997,H$3:H$997,"AB") -> 179 | BA8: =(AZ8*100)/AZ3 -> 37.136929
G9: E4_2025-09-11 | H9: TU | I9: TU dissociated cells-11 | J9: 100 | K9: 500 | L9: 90 | M9: 1 | N9: 2 | O9: 10.02 | P9: 10.21 | Q9: 2 | R9: 10.38 | S9: 1 | T9: 0 | AQ9: Used Hoechst 1:1000, หยิบมา 3 ฟอง ไม่มี mycropyle 1 ฟอง | AR9: June | AT9: U | AU9: 32-cell (1.75 h) | AV9: =SUMIFS(W$3:W$997,H$3:H$997,"TU") -> 145 | AW9: =(AV9*100)/AV3 -> 32.222222 | AX9: =SUMIFS(W$3:W$997,H$3:H$997,"NHGRI") -> 193 | AY9: =(AX9*100)/AX3 -> 39.876033 | AZ9: =SUMIFS(W$3:W$997,H$3:H$997,"AB") -> 174 | BA9: =(AZ9*100)/AZ3 -> 36.099585
G10: E4_2025-09-11 | H10: TU | I10: TU dissociated cells-11 | J10: 100 | K10: 500 | M10: 2 | N10: 1 | O10: 10.32 | P10: 10.39 | Q10: 1 | R10: 10.57 | S10: 1 | T10: 1 | U10: 1 | V10: 1 | W10: 1 | X10: 1 | Y10: 1 | Z10: 1 | AA10: 1 | AB10: 1 | AC10: 0 | AQ10: Used Hoechst 1:1000 หยิบมา 3 ฟอง ไม่มี mycropyle 2 ฟอง | AT10: V | AU10: 64-cell (2 h) | AV10: =SUMIFS(X$3:X$997,H$3:H$997,"TU") -> 144 | AW10: =(AV10*100)/AV3 -> 32 | AX10: =SUMIFS(X$3:X$997,H$3:H$997,"NHGRI") -> 190 | AY10: =(AX10*100)/AX3 -> 39.256198 | AZ10: =SUMIFS(X$3:X$997,H$3:H$997,"AB") -> 173 | BA10: =(AZ10*100)/AZ3 -> 35.892116
G11: E4_2025-09-11 | H11: TU | I11: TU dissociated cells-11 | J11: 100 | K11: 500 | M11: 3 | N11: 1 | O11: 11.12 | P11: 11.26 | Q11: 1 | R11: 11.42 | S11: 1 | T11: 1 | U11: 1 | V11: 1 | W11: 1 | X11: 1 | Y11: 1 | Z11: 1 | AA11: 1 | AB11: 1 | AC11: 1 | AD11: 1 | AE11: 1 | AF11: 0 | AQ11: Used Hoechst 1:500 หยิบมา 5 ฟอง ไม่มี mycropyle 4 ฟอง | AT11: W | AU11: 128-cell (2.25 h) | AV11: =SUMIFS(Y$3:Y$997,H$3:H$997,"TU") -> 143 | AW11: =(AV11*100)/AV3 -> 31.777778 | AX11: =SUMIFS(Y$3:Y$997,H$3:H$997,"NHGRI") -> 180 | AY11: =(AX11*100)/AX3 -> 37.190083 | AZ11: =SUMIFS(Y$3:Y$997,H$3:H$997,"AB") -> 169 | BA11: =(AZ11*100)/AZ3 -> 35.062241
G12: E4_2025-09-11 | H12: TU | I12: TU dissociated cells-11 | J12: 100 | K12: 500 | M12: 4 | N12: 1 | O12: 11.12 | P12: 11.36 | Q12: 1 | R12: 11.53 | S12: 1 | T12: 0 | AQ12: Used Hoechst 1:1000 | AT12: X | AU12: 256-cell (2.5 h) | AV12: =SUMIFS(Z$3:Z$997,H$3:H$997,"TU") -> 140 | AW12: =(AV12*100)/AV3 -> 31.111111 | AX12: =SUMIFS(Z$3:Z$997,H$3:H$997,"NHGRI") -> 178 | AY12: =(AX12*100)/AX3 -> 36.77686 | AZ12: =SUMIFS(Z$3:Z$997,H$3:H$997,"AB") -> 169 | BA12: =(AZ12*100)/AZ3 -> 35.062241
G13: E4_2025-09-11 | H13: TU | I13: TU dissociated cells-11 | J13: 100 | K13: 500 | M13: 5 | N13: 1 | O13: 11.39 | P13: 11.43 | Q13: 1 | R13: 11.59 | S13: 1 | T13: 1 | U13: 1 | V13: 1 | W13: 1 | X13: 1 | Y13: 1 | Z13: 1 | AA13: 1 | AB13: 1 | AC13: 0 | AQ13: Used Hoechst 1:1000 | AT13: Y | AU13: 512-cell (2.75 h) | AV13: =SUMIFS(AA$3:AA$997,H$3:H$997,"TU") -> 135 | AW13: =(AV13*100)/AV3 -> 30 | AX13: =SUMIFS(AA$3:AA$997,H$3:H$997,"NHGRI") -> 172 | AY13: =(AX13*100)/AX3 -> 35.53719 | AZ13: =SUMIFS(AA$3:AA$997,H$3:H$997,"AB") -> 164 | BA13: =(AZ13*100)/AZ3 -> 34.024896
G14: E4_2025-09-11 | H14: TU | I14: TU dissociated cells-11 | J14: 100 | K14: 500 | M14: 6 | N14: 1 | O14: 0.49444444 | P14: 12.02 | Q14: 1 | R14: 12.14 | S14: 1 | T14: 1 | U14: 1 | V14: 1 | W14: 1 | X14: 1 | Y14: 1 | Z14: 1 | AA14: 1 | AB14: 1 | AC14: 0 | AQ14: Used Hoechst 1:1000 | AT14: Z | AU14: 1k-cell (3 h) | AV14: =SUMIFS(AB$3:AB$997,H$3:H$997,"TU") -> 134 | AW14: =(AV14*100)/AV3 -> 29.777778 | AX14: =SUMIFS(AB$3:AB$997,H$3:H$997,"NHGRI") -> 168 | AY14: =(AX14*100)/AX3 -> 34.710744 | AZ14: =SUMIFS(AB$3:AB$997,H$3:H$997,"AB") -> 157 | BA14: =(AZ14*100)/AZ3 -> 32.572614
G15: E4_2025-09-11 | H15: TU | I15: TU dissociated cells-11 | J15: 100 | K15: 500 | M15: 7 | N15: 2 | O15: 12.05 | P15: 12.22 | Q15: 2 | R15: 12.38 | S15: 1 | T15: 1 | U15: 1 | V15: 1 | W15: 0 | AQ15: Used Hoechst 1:1000 | AT15: AA | AU15: High (3.3 h) | AV15: =SUMIFS(AC$3:AC$997,H$3:H$997,"TU") -> 120 | AW15: =(AV15*100)/AV3 -> 26.666667 | AX15: =SUMIFS(AC$3:AC$997,H$3:H$997,"NHGRI") -> 162 | AY15: =(AX15*100)/AX3 -> 33.471074 | AZ15: =SUMIFS(AC$3:AC$997,H$3:H$997,"AB") -> 147 | BA15: =(AZ15*100)/AZ3 -> 30.497925
A16: 2 | B16: 45916 | C16: TAB taiwan 28-11-24 | D16: 2 cell = 62.5 % | E16: IVF 7 before sphere = 10 % | F16: CSOF 2024-19 | G16: E7_2025-09-16 | H16: NHGRI | I16: NHGRI dissociated cells-11 | J16: 100 | K16: 500 | L16: 80 | M16: 1 | N16: 5 | O16: 9.41 | P16: 10.1 | Q16: 5 | R16: 10.27 | S16: 3 | T16: 3 | U16: 3 | V16: 3 | W16: 3 | X16: 3 | Y16: 3 | Z16: 3 | AA16: 3 | AB16: 3 | AC16: 3 | AD16: 2 | AE16: 1 | AF16: 0 | AQ16: egg ไม่มี micropyle injected ตำแหน่ง animal pole เลย No.1_Abnormal;Freeze-80@2025-09-30 Day6 | AR16: Jan | AT16: AB | AU16: Oblong (3.7 h) | AV16: =SUMIFS(AD$3:AD$997,H$3:H$997,"TU") -> 110 | AW16: =(AV16*100)/AV3 -> 24.444444 | AX16: =SUMIFS(AD$3:AD$997,H$3:H$997,"NHGRI") -> 146 | AY16: =(AX16*100)/AX3 -> 30.165289 | AZ16: =SUMIFS(AD$3:AD$997,H$3:H$997,"AB") -> 131 | BA16: =(AZ16*100)/AZ3 -> 27.178423
D17: day 1 =9.375 % | E17: Day 1 = 10 % | G17: E7_2025-09-16 | H17: NHGRI | I17: NHGRI dissociated cells-11 | J17: 100 | K17: 500 | M17: 2 | N17: 2 | O17: 10.12 | P17: 10.19 | Q17: 2 | R17: 10.36/10.37 | S17: 2 | T17: 1 | U17: 1 | V17: 1 | W17: 1 | X17: 1 | Y17: 1 | Z17: 1 | AA17: 1 | AB17: 1 | AC17: 1 | AD17: 0 | AT17: AC | AU17: Sphere (4 h) | AV17: =SUMIFS(AE$3:AE$997,H$3:H$997,"TU") -> 102 | AW17: =(AV17*100)/AV3 -> 22.666667 | AX17: =SUMIFS(AE$3:AE$997,H$3:H$997,"NHGRI") -> 127 | AY17: =(AX17*100)/AX3 -> 26.239669 | AZ17: =SUMIFS(AE$3:AE$997,H$3:H$997,"AB") -> 114 | BA17: =(AZ17*100)/AZ3 -> 23.651452
E18: IVF 7 after higt =24 % | G18: E7_2025-09-16 | H18: NHGRI | I18: NHGRI dissociated cells-11 | J18: 100 | K18: 500 | M18: 3 | N18: 2 | O18: 10.27 | P18: 10.59 | Q18: 2 | R18: 10.5 | S18: 2 | T18: 2 | U18: 2 | V18: 2 | W18: 2 | X18: 2 | Y18: 2 | Z18: 2 | AA18: 2 | AB18: 2 | AC18: 2 | AD18: 2 | AE18: 2 | AF18: 1 | AG18: 1 | AH18: 1 | AI18: 1 | AJ18: 1 | AK18: 1 | AL18: 1 | AM18: 1 | AN18: 1 | AO18: 1 | AP18: 0 | AT18: AD | AU18: Dome (4.3 h) | AV18: =SUMIFS(AF$3:AF$997,H$3:H$997,"TU") -> 64 | AW18: =(AV18*100)/AV3 -> 14.222222 | AX18: =SUMIFS(AF$3:AF$997,H$3:H$997,"NHGRI") -> 93 | AY18: =(AX18*100)/AX3 -> 19.214876 | AZ18: =SUMIFS(AF$3:AF$997,H$3:H$997,"AB") -> 79 | BA18: =(AZ18*100)/AZ3 -> 16.390041
E19: Day 1 = 4 % | G19: E7_2025-09-16 | H19: NHGRI | I19: NHGRI dissociated cells-11 | J19: 100 | K19: 500 | M19: 4 | N19: 4 | O19: 10.38 | P19: 10.59 | Q19: 4 | R19: 11.15 | S19: 4 | T19: 4 | U19: 4 | V19: 4 | W19: 4 | X19: 4 | Y19: 2 | Z19: 2 | AA19: 2 | AB19: 2 | AC19: 2 | AD19: 2 | AE19: 0 | AT19: AE | AU19: 30%epi (4.7 h) | AV19: =SUMIFS(AG$3:AG$997,H$3:H$997,"TU") -> 39 | AW19: =(AV19*100)/AV3 -> 8.6666667 | AX19: =SUMIFS(AG$3:AG$997,H$3:H$997,"NHGRI") -> 79 | AY19: =(AX19*100)/AX3 -> 16.322314 | AZ19: =SUMIFS(AG$3:AG$997,H$3:H$997,"AB") -> 54 | BA19: =(AZ19*100)/AZ3 -> 11.20332
G20: E7_2025-09-16 | H20: NHGRI | I20: NHGRI dissociated cells-11 | J20: 100 | K20: 500 | M20: 5 | N20: 1 | O20: 11.02 | P20: 11.08 | Q20: 1 | R20: 11.27 | S20: 0 | AT20: AF | AU20: 50%epi (5.3 h) | AV20: =SUMIFS(AH$3:AH$997,H$3:H$997,"TU") -> 24 | AW20: =(AV20*100)/AV3 -> 5.3333333 | AX20: =SUMIFS(AH$3:AH$997,H$3:H$997,"NHGRI") -> 68 | AY20: =(AX20*100)/AX3 -> 14.049587 | AZ20: =SUMIFS(AH$3:AH$997,H$3:H$997,"AB") -> 38 | BA20: =(AZ20*100)/AZ3 -> 7.8838174
G21: E7_2025-09-16 | H21: NHGRI | I21: NHGRI dissociated cells-11 | J21: 100 | K21: 500 | L21: 86 | M21: 1 | N21: 3 | O21: 9.4 | P21: 10.04 | Q21: 3 | R21: 10.22 | S21: 1 | T21: 1 | U21: 1 | V21: 1 | W21: 1 | X21: 1 | Y21: 1 | Z21: 0 | AQ21: ค่อนข้างแย่มาก ไข่ไม่ดี หา micropyle ไม่เจอเลย 100% แต่หา metaphaseII เจอ เลยต้องทำการ laser DNA จากนั้น laser บริเวณ Animal pole เพื่อสร้างรูให้ inject เซลล์ | AR21: June | AT21: AG | AU21: Germ ring (5.7 h) | AV21: =SUMIFS(AI$3:AI$997,H$3:H$997,"TU") -> 22 | AW21: =(AV21*100)/AV3 -> 4.8888889 | AX21: =SUMIFS(AH$3:AH$997,H$3:H$997,"NHGRI") -> 68 | AY21: =(AX21*100)/AX3 -> 14.049587 | AZ21: =SUMIFS(AI$3:AI$997,H$3:H$997,"AB") -> 36 | BA21: =(AZ21*100)/AZ3 -> 7.4688797
G22: E7_2025-09-16 | H22: NHGRI | I22: NHGRI dissociated cells-11 | J22: 100 | K22: 500 | M22: 2 | N22: 1 | O22: 10.09 | P22: 10.2 | Q22: 1 | R22: 10.45 | S22: 1 | T22: 1 | U22: 1 | V22: 1 | W22: 1 | X22: 1 | Y22: 0 | AT22: AH | AU22: Shield (6 h) | AV22: =SUMIFS(AJ$3:AJ$997,H$3:H$997,"TU") -> 20 | AW22: =(AV22*100)/AV3 -> 4.4444444 | AX22: =SUMIFS(AJ$3:AJ$997,H$3:H$997,"NHGRI") -> 56 | AY22: =(AX22*100)/AX3 -> 11.570248 | AZ22: =SUMIFS(AJ$3:AJ$997,H$3:H$997,"AB") -> 29 | BA22: =(AZ22*100)/AZ3 -> 6.0165975
G23: E7_2025-09-16 | H23: NHGRI | I23: NHGRI dissociated cells-11 | J23: 100 | K23: 500 | M23: 3 | N23: 5 | O23: 10.28 | P23: 10.54 | Q23: 5 | R23: 11.12 | S23: 1 | T23: 1 | U23: 1 | V23: 1 | W23: 0 | AT23: AI | AU23: 75%epi (8 h) | AV23: =SUMIFS(AK$3:AK$997,H$3:H$997,"TU") -> 11 | AW23: =(AV23*100)/AV3 -> 2.4444444 | AX23: =SUMIFS(AK$3:AK$997,H$3:H$997,"NHGRI") -> 51 | AY23: =(AX23*100)/AX3 -> 10.53719 | AZ23: =SUMIFS(AK$3:AK$997,H$3:H$997,"AB") -> 19 | BA23: =(AZ23*100)/AZ3 -> 3.9419087
A24: 3 | B24: 45917 | C24: TAB taiwan 20-3-25 | D24: 64 cell = 93.33% | E24: IVF 4 before 4 cell = 74 % | F24: CSOF 6-8-25 | G24: E4_2025-09-17 | H24: AB | I24: AB Chunk-01 | J24: 100 | K24: 500 | L24: 80 | M24: 1 | N24: 6 | O24: 9.48 | P24: 10.13 | Q24: 6 | R24: 10.31 | S24: 3 | T24: 3 | U24: 3 | V24: 3 | W24: 3 | X24: 3 | Y24: 3 | Z24: 3 | AA24: 3 | AB24: 1 | AC24: 1 | AD24: 1 | AE24: 1 | AF24: 1 | AG24: 1 | AH24: 0 | AR24: Jan | AT24: AJ | AU24: 90%epi (9 h) | AV24: =SUMIFS(AL$3:AL$997,H$3:H$997,"TU") -> 8 | AW24: =(AV24*100)/AV3 -> 1.7777778 | AX24: =SUMIFS(AL$3:AL$997,H$3:H$997,"NHGRI") -> 34 | AY24: =(AX24*100)/AX3 -> 7.0247934 | AZ24: =SUMIFS(AL$3:AL$997,H$3:H$997,"AB") -> 14 | BA24: =(AZ24*100)/AZ3 -> 2.9045643
D25: day 1 = 71.66 % | E25: Day 1 = 54 % | G25: E4_2025-09-17 | H25: AB | I25: AB Chunk-01 | J25: 100 | K25: 500 | M25: 2 | N25: 5 | O25: 10.16 | P25: 10.34 | Q25: 5 | R25: 10.49 | S25: 2 | T25: 2 | U25: 2 | V25: 2 | W25: 2 | X25: 2 | Y25: 2 | Z25: 2 | AA25: 0 | AT25: AK | AU25: Day1 | AV25: =SUMIFS(AM$3:AM$997,H$3:H$997,"TU") -> 8 | AW25: =(AV25*100)/AV3 -> 1.7777778 | AX25: =SUMIFS(AM$3:AM$997,H$3:H$997,"NHGRI") -> 27 | AY25: =(AX25*100)/AX3 -> 5.5785124 | AZ25: =SUMIFS(AM$3:AM$997,H$3:H$997,"AB") -> 11 | BA25: =(AZ25*100)/AZ3 -> 2.2821577
E26: IVF 4 after 64 cell = 74 % | G26: E4_2025-09-17 | H26: AB | I26: AB Chunk-01 | J26: 100 | K26: 500 | M26: 3 | N26: 5 | O26: 10.49 | P26: 11.08 | Q26: 5 | R26: 11.24 | S26: 4 | T26: 4 | U26: 4 | V26: 4 | W26: 4 | X26: 4 | Y26: 4 | Z26: 4 | AA26: 4 | AB26: 4 | AC26: 4 | AD26: 4 | AE26: 4 | AF26: 4 | AG26: 0 | AT26: AL | AU26: Day2 | AV26: =SUMIFS(AN$3:AN$997,H$3:H$997,"TU") -> 8 | AW26: =(AV26*100)/AV3 -> 1.7777778 | AX26: =SUMIFS(AN$3:AN$997,H$3:H$997,"NHGRI") -> 27 | AY26: =(AX26*100)/AX3 -> 5.5785124 | AZ26: =SUMIFS(AN$3:AN$997,H$3:H$997,"AB") -> 11 | BA26: =(AZ26*100)/AZ3 -> 2.2821577
E27: Day 1 = 60 % | G27: E4_2025-09-17 | H27: AB | I27: AB Chunk-01 | J27: 100 | K27: 500 | M27: 4 | N27: 6 | O27: 11.25 | P27: 11.53 | Q27: 6 | R27: 12.08 | S27: 3 | T27: 3 | U27: 3 | V27: 3 | W27: 3 | X27: 3 | Y27: 3 | Z27: 3 | AA27: 3 | AB27: 3 | AC27: 3 | AD27: 3 | AE27: 3 | AF27: 3 | AG27: 0
G28: E4_2025-09-17 | H28: AB | I28: AB Chunk-01 | J28: 100 | K28: 500 | M28: 5 | N28: 5 | O28: 11.57 | P28: 12.08 | Q28: 5 | R28: 12.23 | S28: 1 | T28: 1 | U28: 1 | V28: 1 | W28: 1 | X28: 1 | Y28: 1 | Z28: 1 | AA28: 1 | AB28: 1 | AC28: 1 | AD28: 1 | AE28: 1 | AF28: 1 | AG28: 0
G29: E4_2025-09-17 | H29: AB | I29: AB Chunk-01 | J29: 100 | K29: 500 | M29: Bee1 | N29: na | O29: - | P29: - | Q29: na | R29: na | S29: 0
G30: E4_2025-09-17 | H30: AB | I30: AB Chunk-01 | J30: 100 | K30: 500 | M30: Bee2 | N30: 4 | O30: - | P30: - | Q30: 4 | R30: 11.15 | S30: 2 | T30: 2 | U30: 2 | V30: 2 | W30: 2 | X30: 2 | Y30: 2 | Z30: 2 | AA30: 2 | AB30: 2 | AC30: 2 | AD30: 2 | AE30: 2 | AF30: 0
G31: E4_2025-09-17 | H31: AB | I31: AB Chunk-01 | J31: 100 | K31: 500 | M31: Bee3 | N31: 3 | O31: - | P31: - | Q31: 3 | R31: 11.29 | S31: 3 | T31: 3 | U31: 0
G32: E4_2025-09-17 | H32: AB | I32: AB Chunk-01 | J32: 100 | K32: 500 | M32: Bee4 | N32: 5 | O32: - | P32: - | Q32: 5 | R32: 11.45 | S32: 4 | T32: 4 | U32: 4 | V32: 4 | W32: 2 | X32: 1 | Y32: 1 | Z32: 1 | AA32: 1 | AB32: 1 | AC32: 1 | AD32: 1 | AE32: 1 | AF32: 1 | AG32: 0
G33: E4_2025-09-17 | H33: AB | I33: AB Chunk-01 | J33: 100 | K33: 500 | M33: Bee5 | N33: 5 | O33: - | P33: - | Q33: 5 | R33: 12.15 | S33: 4 | T33: 4 | U33: 4 | V33: 2 | W33: 2 | X33: 2 | Y33: 2 | Z33: 2 | AA33: 2 | AB33: 2 | AC33: 2 | AD33: 2 | AE33: 1 | AF33: 1 | AG33: 0
G34: E4_2025-09-17 | H34: AB | I34: AB Chunk-01 | J34: ✖ | K34: ✖ | L34: 86 | M34: 1 | N34: 4 | O34: 9.31 | P34: 9.42 | Q34: 4 | R34: 9.59 | S34: 3 | T34: 3 | U34: 3 | V34: 3 | W34: 3 | X34: 3 | Y34: 3 | Z34: 3 | AA34: 3 | AB34: 3 | AC34: 3 | AD34: 2 | AE34: 2 | AF34: 2 | AG34: 2 | AH34: 2 | AI34: 2 | AJ34: 1 | AK34: 1 | AL34: 0 | AQ34: micropyle สวยมาก ไข่ดี | AR34: June
G35: E4_2025-09-17 | H35: AB | I35: AB Chunk-01 | J35: 100 | K35: 500 | M35: 2 | N35: 5 | O35: 9.5 | P35: 10.09 | Q35: 5 | R35: 10.3 | S35: 4 | T35: 4 | U35: 4 | V35: 4 | W35: 4 | X35: 4 | Y35: 4 | Z35: 4 | AA35: 4 | AB35: 4 | AC35: 4 | AD35: 4 | AE35: 3 | AF35: 3 | AG35: 3 | AH35: 2 | AI35: 2 | AJ35: 2 | AK35: 2 | AL35: 0 | AQ35: โอเคดี หยิบมา 6 ฟอง ทำได้ 5 ฟอง อีกฟองไม่มี micropyle
G36: E4_2025-09-17 | H36: AB | I36: AB Chunk-01 | J36: 100 | K36: 500 | M36: 3 | N36: 6 | O36: 10.14 | P36: 10.38 | Q36: 6 | R36: 10.54 | S36: 3 | T36: 3 | U36: 3 | V36: 3 | W36: 3 | X36: 3 | Y36: 3 | Z36: 3 | AA36: 3 | AB36: 2 | AC36: 2 | AD36: 1 | AE36: 1 | AF36: 0 | AQ36: เติมเซลล์ก่อนเริ่มทำ, โอเคดี
G37: E4_2025-09-17 | H37: AB | I37: AB Chunk-01 | J37: 100 | K37: 500 | M37: 4 | N37: 3 | O37: 10.49 | P37: 11.09 | Q37: 3 | R37: 11.25 | S37: 2 | T37: 2 | U37: 2 | V37: 2 | W37: 2 | X37: 2 | Y37: 2 | Z37: 2 | AA37: 2 | AB37: 2 | AC37: 2 | AD37: 2 | AE37: 2 | AF37: 2 | AG37: 2 | AH37: 2 | AI37: 2 | AJ37: 2 | AK37: 1 | AL37: 0 | AQ37: laser ให้พี่ผึ้ง 3 ฟอง ทำเอง 3 ฟอง
G38: E4_2025-09-17 | H38: AB | I38: AB Chunk-01 | J38: 100 | K38: 500 | M38: 5 | N38: 4 | O38: 11.12 | P38: 11.4 | Q38: 4 | R38: 11.55 | S38: 1 | T38: 1 | U38: 1 | V38: 1 | W38: 1 | X38: 1 | Y38: 1 | Z38: 1 | AA38: 1 | AB38: 1 | AC38: 1 | AD38: 1 | AE38: 1 | AF38: 0 | AQ38: OK
G39: E4_2025-09-17 | H39: AB | I39: AB Chunk-01 | J39: 100 | K39: 500 | M39: 6 | N39: 5 | O39: 11.52 | P39: 12.1 | Q39: 5 | R39: 12.23 | S39: 0 | T39: 0 | AQ39: OK
A40: 4 | B40: 45918 | C40: TAB taiwan 20-3-25 | D40: NBD 4 128 cell =100 % | E40: IVF 4 before 16 cell = 40 % | F40: CSOF 2024-19 | G40: E4_2025-09-18 | H40: TU | I40: TU dissociated cells-12 | J40: 100 | K40: 500 | L40: 60 | M40: 1 | N40: 4 | O40: - | P40: 10.05 | Q40: 4 | R40: 10.21 | S40: 0 | AR40: Jan
D41: Day 1 =100 % | E41: Day 1 = | G41: E4_2025-09-18 | H41: TU | I41: TU dissociated cells-12 | J41: 100 | K41: 500 | M41: 2 | N41: 4 | O41: 10.15 | P41: 10.31 | Q41: 4 | R41: 10.46 | S41: 3 | T41: 3 | U41: 3 | V41: 3 | W41: 3 | X41: 3 | Y41: 3 | Z41: 3 | AA41: 3 | AB41: 3 | AC41: 3 | AD41: 3 | AE41: 3 | AF41: 2
D42: NBD 6 40.90 % | E42: IVF 4 after high = 42 cell | G42: E4_2025-09-18 | H42: TU | I42: TU dissociated cells-12 | J42: 100 | K42: 500 | M42: 3 | N42: 3 | O42: 10.32 | P42: 10.44 | Q42: 3 | R42: 11 | S42: 2 | T42: 2 | U42: 1 | V42: 1 | W42: 1 | X42: 1 | Y42: 1 | Z42: 1 | AA42: 1 | AB42: 1 | AC42: 1 | AD42: 1 | AE42: 1
D43: Day 1 = | E43: Day 1 = | G43: E4_2025-09-18 | H43: TU | I43: TU dissociated cells-12 | J43: 100 | K43: 500 | M43: 4 | N43: 3 | O43: 10.46 | P43: 11.03 | Q43: 3 | R43: 11.2 | S43: 2 | T43: 2 | U43: 2 | V43: 2 | W43: 2 | X43: 2 | Y43: 2 | Z43: 2 | AA43: 2 | AB43: 2 | AC43: 2 | AD43: 2 | AE43: 1
E44: IVF 6 before sphere = 56 % | G44: E4_2025-09-18 | H44: TU | I44: TU dissociated cells-12 | J44: 100 | K44: 500 | M44: 5 | N44: 5 | O44: 11.03 | P44: 11.23 | Q44: 5 | R44: 11.37 | S44: 4 | T44: 4 | U44: 4 | V44: 4 | W44: 4 | X44: 4 | Y44: 4 | Z44: 4 | AA44: 4 | AB44: 4 | AC44: 4 | AD44: 4 | AE44: 4 | AF44: 4
E45: Day 1 = | G45: E4_2025-09-18 | H45: TU | I45: TU dissociated cells-12 | J45: 100 | K45: 500 | M45: 6 | N45: 3 | O45: 11.23 | P45: 11.45 | Q45: 3 | R45: 12.02 | S45: 4 | T45: 4 | U45: 3 | V45: 3 | W45: 3 | X45: 3 | Y45: 3 | Z45: 3 | AA45: 3 | AB45: 3 | AC45: 3 | AD45: 3 | AE45: 3 | AF45: 1 | AG45: 1 | AH45: 1 | AI45: 1 | AJ45: 1 | AK45: 1 | AL45: 1 | AM45: 1 | AN45: 1 | AO45: 1 | AP45: 0 | AQ45: No.2_Freeze 2028-09-26_death at Day 8 Freeze-80
E46: IVF 6 after high = 28 % | G46: E4_2025-09-18 | H46: TU | I46: TU dissociated cells-12 | J46: 100 | K46: 500 | M46: 7 | N46: 6 | O46: 11.46 | P46: 12.13 | Q46: 6 | R46: 12.29 | S46: 4 | T46: 4 | U46: 3 | V46: 3 | W46: 3 | X46: 3 | Y46: 3 | Z46: 3 | AA46: 3 | AB46: 3 | AC46: 3 | AD46: 3 | AE46: 3 | AF46: 1 | AG46: 1 | AH46: 1
E47: Day 1 = | G47: E4_2025-09-18 | H47: TU | I47: TU dissociated cells-12 | J47: 100 | K47: 500 | L47: 86 | M47: 1 | N47: 2 | O47: 9.45 | P47: 10.04 | Q47: 2 | R47: 10.22 | S47: 1 | T47: 1 | U47: 1 | V47: 1 | W47: 1 | X47: 1 | Y47: 1 | Z47: 1 | AA47: 1 | AB47: 1 | AC47: 1 | AD47: 1 | AE47: 1 | AF47: 0 | AQ47: ไข่ E4 ในส่วนของจูน 50:50 คือ ปนทั้งที่ mycropyle สวย metaphaseII สวย ผสมกับหา micropyle ไม่เจอ แต่เห็นดีเอ็นเอ ไข่ E6 แย่มาก แทบจะหา micropyle ไม่เจอเลย **ใช้ injector gynemed band | AR47: June
G48: E6_2025-09-18 | H48: TU | I48: TU dissociated cells-12 | J48: 100 | K48: 500 | M48: 2 | N48: 2 | O48: 10.2 | P48: 10.31 | Q48: 2 | R48: 10.48 | S48: 1 | T48: 1 | U48: 1 | V48: 1 | W48: 1 | X48: 1 | Y48: 1 | Z48: 1 | AA48: 1 | AB48: 1 | AC48: 1 | AD48: 1 | AE48: 1 | AF48: 1 | AG48: 1 | AH48: 1 | AI48: 1 | AJ48: 1 | AK48: 0
G49: E6_2025-09-18 | H49: TU | I49: TU dissociated cells-12 | J49: 100 | K49: 500 | M49: 3 | N49: 3 | O49: 10.33 | P49: 10.45 | Q49: 3 | R49: 11.05 | S49: 0 | T49: 0
G50: E4_2025-09-18 | H50: TU | I50: TU dissociated cells-12 | J50: 100 | K50: 500 | M50: 4 | N50: 5 | O50: 10.49 | P50: 10.56 | Q50: 5 | R50: 11.09 | S50: 1 | T50: 1 | U50: 0
G51: E4_2025-09-18 | H51: TU | I51: TU dissociated cells-12 | J51: 100 | K51: 500 | M51: 5 | N51: 6 | O51: 11.02 | P51: 11.19 | Q51: 6 | R51: 11.39 | S51: 2 | T51: 2 | U51: 1 | V51: 1 | W51: 1 | X51: 1 | Y51: 1 | Z51: 1 | AA51: 1 | AB51: 1 | AC51: 1 | AD51: 1 | AE51: 1 | AF51: 1 | AG51: 1 | AH51: 1 | AI51: 1 | AJ51: 1 | AK51: 0
G52: E4_2025-09-18 | H52: TU | I52: TU dissociated cells-12 | J52: 100 | K52: 500 | M52: 6 | N52: 3 | O52: 11.21 | P52: 11.48 | Q52: 3 | R52: 12.05 | S52: 2 | T52: 2 | U52: 2 | V52: 1 | W52: 1 | X52: 1 | Y52: 1 | Z52: 1 | AA52: 1 | AB52: 1 | AC52: 1 | AD52: 1 | AE52: 0
G53: E4_2025-09-18 | H53: TU | I53: TU dissociated cells-12 | J53: 100 | K53: 500 | M53: 7 | N53: 7 | O53: 11.51 | P53: 12.19 | Q53: 7 | R53: 12.35 | S53: 2 | T53: 2 | U53: 1 | V53: 1 | W53: 1 | X53: 1 | Y53: 1 | Z53: 1 | AA53: 1 | AB53: 1 | AC53: 1 | AD53: 1 | AE53: 1 | AF53: 1 | AG53: 0
A54: 5 | B54: 45923 | C54: TAB taiwan 20-3-25 | D54: NBD 6 64 cell = 65.57 % | E54: IVF 6 before 2 cell = 100 % | F54: CSOF 2024-27 | G54: E6_2025-09-23 | H54: NHGRI | I54: NHGRI dissociated cells-12 | J54: 100 | K54: 500 | L54: 60 | M54: 1 | N54: 4 | O54: 10.05 | P54: 10.22 | Q54: 4 | R54: 10.39 | S54: 4 | T54: 4 | U54: 4 | V54: 4 | W54: 4 | X54: 4 | Y54: 4 | Z54: 4 | AA54: 4 | AB54: 4 | AC54: 4 | AD54: 2 | AE54: 0 | AR54: Jan
D55: day 1 =49.17 % | E55: Day 1 = | G55: E6_2025-09-23 | H55: NHGRI | I55: NHGRI dissociated cells-12 | J55: 100 | K55: 500 | M55: 2 | N55: 3 | O55: 10.24 | P55: 10.38 | Q55: 3 | R55: 10.57 | S55: 2 | T55: 2 | U55: 2 | V55: 2 | W55: 2 | X55: 2 | Y55: 2 | Z55: 2 | AA55: 2 | AB55: 2 | AC55: 2 | AD55: 2 | AE55: 1 | AF55: 0
E56: IVF 6 after sphere 60 % | G56: E6_2025-09-23 | H56: NHGRI | I56: NHGRI dissociated cells-12 | J56: 100 | K56: 500 | M56: 3 | N56: 2 | O56: 10.45 | P56: 10.58 | Q56: 2 | R56: 11.14 | S56: 2 | T56: 2 | U56: 2 | V56: 2 | W56: 2 | X56: 2 | Y56: 2 | Z56: 2 | AA56: 2 | AB56: 2 | AC56: 2 | AD56: 1 | AE56: 1 | AF56: 0
E57: Day 1 = | G57: E6_2025-09-23 | H57: NHGRI | I57: NHGRI dissociated cells-12 | J57: 100 | K57: 500 | M57: 4 | N57: 2 | O57: 11 | P57: 11.17 | Q57: 2 | R57: 11.33 | S57: 2 | T57: 1 | U57: 1 | V57: 1 | W57: 1 | X57: 1 | Y57: 1 | Z57: 1 | AA57: 1 | AB57: 1 | AC57: 1 | AD57: 1 | AE57: 1 | AF57: 0
G58: E6_2025-09-23 | H58: NHGRI | I58: NHGRI dissociated cells-12 | J58: 100 | K58: 500 | M58: 5 | N58: 2 | O58: - | P58: 11.4 | Q58: 2 | R58: 11.58 | S58: 2 | T58: 2 | U58: 2 | V58: 2 | W58: 2 | X58: 2 | Y58: 2 | Z58: 2 | AA58: 2 | AB58: 2 | AC58: 2 | AD58: 2 | AE58: 0
G59: E6_2025-09-23 | H59: NHGRI | I59: NHGRI dissociated cells-12 | J59: 100 | K59: 500 | M59: 6 | N59: 1 | O59: 11.41 | P59: 11.52 | Q59: 1 | R59: 12.06 | S59: 1 | T59: 1 | U59: 1 | V59: 1 | W59: 1 | X59: 1 | Y59: 1 | Z59: 1 | AA59: 1 | AB59: 1 | AC59: 1 | AD59: 1 | AE59: 1 | AF59: 0
G60: E6_2025-09-23 | H60: NHGRI | I60: NHGRI dissociated cells-12 | J60: 100 | K60: 500 | M60: 7 | N60: 3 | O60: 12.04 | P60: 12.21 | Q60: 3 | R60: 12.35 | S60: 3 | T60: 2 | U60: 2 | V60: 0
G61: E6_2025-09-23 | H61: NHGRI | I61: NHGRI dissociated cells-12 | J61: 100 | K61: 500 | M61: Bee1 | N61: 3 | O61: - | P61: - | Q61: 3 | R61: 10.55 | S61: 2 | T61: 2 | U61: 2 | V61: 2 | W61: 2 | X61: 2 | Y61: 2 | Z61: 2 | AA61: 2 | AB61: 1 | AC61: 1 | AD61: 1 | AE61: 1 | AF61: 0
G62: E6_2025-09-23 | H62: NHGRI | I62: NHGRI dissociated cells-12 | J62: 100 | K62: 500 | M62: Bee2 | N62: 2 | O62: - | P62: - | Q62: 2 | R62: 11.11 | S62: 2 | T62: 2 | U62: 2 | V62: 2 | W62: 2 | X62: 2 | Y62: 2 | Z62: 2 | AA62: 2 | AB62: 2 | AC62: 2 | AD62: 2 | AE62: 2 | AF62: 1 | AG62: 1 | AH62: 1 | AI62: 1 | AJ62: 1 | AK62: 1 | AL62: 1 | AM62: 1 | AN62: 1 | AO62: 1 | AP62: 0 | AQ62: No.3_Abnormal;Freeze-80@2025-09-30 Day7
G63: E6_2025-09-23 | H63: NHGRI | I63: NHGRI dissociated cells-12 | J63: 100 | K63: 500 | M63: Bee3 | N63: 3 | O63: - | P63: - | Q63: 3 | R63: 11.36 | S63: 3 | T63: 1 | U63: 1 | V63: 1 | W63: 1 | X63: 1 | Y63: 1 | Z63: 1 | AA63: 1 | AB63: 0
G64: E6_2025-09-23 | H64: NHGRI | I64: NHGRI dissociated cells-12 | J64: 100 | K64: 500 | M64: Bee4 | N64: 3 | O64: - | P64: - | Q64: 3 | R64: 12.1 | S64: 2 | T64: 2 | U64: 2 | V64: 2 | W64: 2 | X64: 2 | Y64: 2 | Z64: 2 | AA64: 2 | AB64: 2 | AC64: 2 | AD64: 1 | AE64: 0
G65: E6_2025-09-23 | H65: NHGRI | I65: NHGRI dissociated cells-12 | J65: 100 | K65: 500 | M65: Bee5 | N65: 3 | O65: - | P65: - | Q65: 3 | R65: 12.28 | S65: 2 | T65: 2 | U65: 2 | V65: 2 | W65: 2 | X65: 2 | Y65: 2 | Z65: 2 | AA65: 2 | AB65: 2 | AC65: 2 | AD65: 2 | AE65: 2 | AF65: 0
G66: E6_2025-09-23 | H66: NHGRI | I66: NHGRI dissociated cells-12 | J66: 100 | K66: 500 | L66: 91 | M66: 1 | N66: 3 | O66: 10.02 | P66: 10.16 | Q66: 3 | R66: 10.33 | S66: 0 | AR66: June
G67: E6_2025-09-23 | H67: NHGRI | I67: NHGRI dissociated cells-12 | J67: 100 | K67: 500 | M67: 2 | N67: 3 | O67: 10.27 | P67: 10.37 | Q67: 3 | R67: 10.56 | S67: 2 | T67: 2 | U67: 2 | V67: 2 | W67: 2 | X67: 2 | Y67: 2 | Z67: 2 | AA67: 2 | AB67: 2 | AC67: 2 | AD67: 2 | AE67: 2 | AF67: 2 | AG67: 2 | AH67: 2 | AI67: 2 | AJ67: 1 | AK67: 1 | AL67: 0
G68: E6_2025-09-23 | H68: NHGRI | I68: NHGRI dissociated cells-12 | J68: 100 | K68: 500 | M68: 3 | N68: 4 | O68: 10.4 | P68: 11.05 | Q68: 4 | R68: 11.21 | S68: 4 | T68: 4 | U68: 4 | V68: 4 | W68: 4 | X68: 4 | Y68: 4 | Z68: 4 | AA68: 4 | AB68: 4 | AC68: 4 | AD68: 4 | AE68: 4 | AF68: 4 | AG68: 4 | AH68: 3 | AI68: 3 | AJ68: 3 | AK68: 2 | AL68: 1 | AM68: 1 | AN68: 1 | AO68: 1 | AP68: 0 | AQ68: No.4_Abnormal ;Freeze-80@2025-09-30 Day7; Zebrafish with a curved tail
G69: E6_2025-09-23 | H69: NHGRI | I69: NHGRI dissociated cells-12 | J69: 100 | K69: 500 | M69: 4 | N69: 5 | O69: 11.07 | P69: 11.29 | Q69: 5 | R69: 11.45 | S69: 5 | T69: 5 | U69: 5 | V69: 3 | W69: 3 | X69: 3 | Y69: 3 | Z69: 3 | AA69: 3 | AB69: 3 | AC69: 0
G70: E6_2025-09-23 | H70: NHGRI | I70: NHGRI dissociated cells-12 | J70: 100 | K70: 500 | M70: 5 | N70: 1 | O70: 11.49 | P70: 11.57 | Q70: 1 | R70: 12.12 | S70: 1 | T70: 1 | U70: 1 | V70: 0
A71: 6 | B71: 45926 | C71: TAB taiwan 20-3-25 | D71: NBD 5 4 cell = 59% | E71: IVF 5 before 16 cell = 32 % | F71: CSOF 2024-27 | G71: E5_2025-09-26 | H71: AB | I71: AB dissociated cells-16 | J71: 100 | K71: 500 | L71: 60 | M71: 1 | N71: 1 | O71: 10.08 | P71: 10.2 | Q71: 1 | R71: 10.35 | S71: 0 | AR71: Jan
D72: day 1 = 45.45% | E72: Day 1 = | G72: E5_2025-09-26 | H72: AB | I72: AB dissociated cells-16 | J72: 100 | K72: 500 | M72: 2 | N72: 4 | O72: 10.21 | P72: 10.39 | Q72: 4 | R72: 10.54 | S72: 2 | T72: 2 | U72: 2 | V72: 2 | W72: 2 | X72: 2 | Y72: 2 | Z72: 2 | AA72: 2 | AB72: 2 | AC72: 2 | AD72: 2 | AE72: 1 | AF72: 0
D73: NBD 6 128 cell = 91.22 % | E73: IVF 5 after oblong =16 % | G73: E6_2025-09-26 | H73: AB | I73: AB dissociated cells-16 | J73: 100 | K73: 500 | M73: 3 | N73: 3 | O73: 10.47 | P73: 11.06 | Q73: 3 | R73: 11.23 | S73: 1 | T73: 1 | U73: 1 | V73: 1 | W73: 1 | X73: 1 | Y73: 1 | Z73: 1 | AA73: 0
D74: Day 1 = 74.56% | E74: Day 1 = | G74: E5_2025-09-26 | H74: AB | I74: AB dissociated cells-16 | J74: 100 | K74: 500 | M74: 4 | N74: 3 | O74: 11.1 | P74: 11.35 | Q74: 3 | R74: 11.5 | S74: 2 | T74: 2 | U74: 2 | V74: 2 | W74: 2 | X74: 2 | Y74: 2 | Z74: 2 | AA74: 2 | AB74: 2 | AC74: 2 | AD74: 1 | AE74: 1 | AF74: 1 | AG74: 0
E75: IVF 6 before 4 cell = 100 % | G75: E6_2025-09-26 | H75: AB | I75: AB dissociated cells-16 | J75: 100 | K75: 500 | M75: 5 | N75: 4 | O75: 11.45 | P75: - | Q75: 4 | R75: 12.34 | S75: 4 | T75: 4 | U75: 4 | V75: 4 | W75: 4 | X75: 4 | Y75: 4 | Z75: 4 | AA75: 3 | AB75: 3 | AC75: 3 | AD75: 0
E76: Day 1 = | G76: E6_2025-09-26 | H76: AB | I76: AB dissociated cells-16 | J76: 100 | K76: 500 | M76: 6 | N76: 4 | O76: - | P76: 12.33 | Q76: 4 | R76: 12.48 | S76: 3 | T76: 3 | U76: 3 | V76: 3 | W76: 3 | X76: 3 | Y76: 1 | Z76: 1 | AA76: 1 | AB76: 1 | AC76: 0
E77: IVF 6 after oblong = 80 % | G77: E5_2025-09-26 | H77: AB | I77: AB dissociated cells-16 | J77: 100 | K77: 500 | L77: 76 | M77: 1 | N77: 2 | O77: 10.2 | P77: 10.29 | Q77: 2 | R77: 10.47 | S77: 1 | T77: 1 | U77: 1 | V77: 1 | W77: 1 | X77: 1 | Y77: 1 | Z77: 1 | AA77: 1 | AB77: 1 | AC77: 1 | AD77: 1 | AE77: 1 | AF77: 1 | AG77: 1 | AH77: 1 | AI77: 1 | AJ77: 1 | AK77: 1 | AL77: 1 | AM77: 1 | AN77: 1 | AO77: 1 | AP77: 0 | AQ77: No.5_abnormal;Freeze-80@2025-09-30 Day7 | AR77: June
E78: Day 1 = | G78: E5_2025-09-26 | H78: AB | I78: AB dissociated cells-16 | J78: 100 | K78: 500 | M78: 2 | N78: 2 | O78: 10.34 | P78: 10.41 | Q78: 2 | R78: 10.59 | S78: 2 | T78: 2 | U78: 2 | V78: 2 | W78: 2 | X78: 2 | Y78: 2 | Z78: 2 | AA78: 2 | AB78: 2 | AC78: 2 | AD78: 2 | AE78: 2 | AF78: 0 | AR78: switch injection step: laser + inject cell
G79: E6_2025-09-26 | H79: AB | I79: AB dissociated cells-16 | J79: 100 | K79: 500 | M79: 3 | N79: 1 | O79: 10.49 | P79: 10.56 | Q79: 1 | R79: 11.14 | S79: 1 | T79: 1 | U79: 1 | V79: 1 | W79: 1 | X79: 1 | Y79: 1 | Z79: 1 | AA79: 1 | AB79: 1 | AC79: 1 | AD79: 1 | AE79: 1 | AF79: 1 | AG79: 1 | AH79: 1 | AI79: 1 | AJ79: 1 | AK79: 1 | AL79: 1 | AM79: 1 | AN79: 1 | AO79: 1 | AP79: 1 | AQ79: No.6_normal Alive ; in system A@2025-09-30 Day4
G80: E6_2025-09-26 | H80: AB | I80: AB dissociated cells-16 | J80: 100 | K80: 500 | M80: 4 | N80: 5 | O80: 11.02 | P80: 11.24 | Q80: 5 | R80: 11.43 | S80: 1 | T80: 1 | U80: 1 | V80: 1 | W80: 1 | X80: 1 | Y80: 1 | Z80: 1 | AA80: 1 | AB80: 1 | AC80: 1 | AD80: 0
G81: E6_2025-09-26 | H81: AB | I81: AB dissociated cells-16 | J81: 100 | K81: 500 | M81: 5 | N81: 6 | O81: 11.45 | P81: 12.11 | Q81: 6 | R81: 12.26 | S81: 6 | T81: 2 | U81: 2 | V81: 2 | W81: 2 | X81: 2 | Y81: 2 | Z81: 2 | AA81: 2 | AB81: 2 | AC81: 2 | AD81: 2 | AE81: 2 | AF81: 2 | AG81: 1 | AH81: 1 | AI81: 1 | AJ81: 1 | AK81: 1 | AL81: 1 | AM81: 1 | AN81: 1 | AO81: 1 | AP81: 0 | AQ81: No.7_abnormal;Freeze-80@2025-09-30 Day4
G82: E6_2025-09-26 | H82: AB | I82: AB dissociated cells-16 | J82: 100 | K82: 500 | M82: 6 | N82: 6 | O82: 12.13 | P82: 12.35 | Q82: 6 | R82: 12.5 | S82: 2 | T82: 1 | U82: 1 | V82: 1 | W82: 1 | X82: 1 | Y82: 1 | Z82: 1 | AA82: 1 | AB82: 1 | AC82: 1 | AD82: 1 | AE82: 1 | AF82: 0
A83: 7 | B83: 45930 | C83: TAB Taiwan 20-3-25 | D83: NBD 2 256 cell = 83.11 % | E83: IVF 2 before 64 cell = 90 % | F83: CSOF 2024-27 | G83: E2_2025-09-30 | H83: TU | I83: TU dissociated cells-13 | J83: 100 | K83: 500 | L83: 60 | M83: 1 | N83: 5 | O83: 9.49 | P83: 10.14 | Q83: 5 | R83: 10.3 | S83: 3 | T83: 3 | U83: 3 | V83: 3 | W83: 3 | X83: 3 | Y83: 3 | Z83: 3 | AA83: 3 | AB83: 3 | AC83: 3 | AD83: 3 | AE83: 3 | AR83: Jan
D84: Day 1 = 74.02 % | E84: Day 1 =72 % | G84: E2_2025-09-30 | H84: TU | I84: TU dissociated cells-13 | J84: 100 | K84: 500 | M84: 2 | N84: 4 | O84: 10.22 | P84: 10.38 | Q84: 4 | R84: 10.54 | S84: 3 | T84: 3 | U84: 3 | V84: 3 | W84: 3 | X84: 3 | Y84: 3 | Z84: 3 | AA84: 2 | AB84: 2 | AC84: 2 | AD84: 2 | AE84: 2
E85: IVF 2 after 30% epiboly 80 % | G85: E2_2025-09-30 | H85: TU | I85: TU dissociated cells-13 | J85: 100 | K85: 500 | M85: 3 | N85: 5 | O85: 10.39 | P85: 10.56 | Q85: 5 | R85: 11.12 | S85: 3 | T85: 2 | U85: 2 | V85: 2 | W85: 2 | X85: 2 | Y85: 2 | Z85: 2 | AA85: 2 | AB85: 2 | AC85: 2 | AD85: 2 | AE85: 2
E86: Day 1 =70 % | G86: E2_2025-09-30 | H86: TU | I86: TU dissociated cells-13 | J86: 100 | K86: 500 | M86: 4 | N86: 3 | O86: 11.1 | P86: 11.22 | Q86: 3 | R86: 11.38 | S86: 1 | T86: 1 | U86: 1 | V86: 1 | W86: 1 | X86: 1 | Y86: 1 | Z86: 1 | AA86: 1 | AB86: 1 | AC86: 1 | AD86: 1 | AE86: 1 | AF86: 1
G87: E2_2025-09-30 | H87: TU | I87: TU dissociated cells-13 | J87: 100 | K87: 500 | M87: 5 | N87: 6 | O87: 11.22 | P87: 11.4 | Q87: 6 | R87: 12.03 | S87: 3 | T87: 3 | U87: 2 | V87: 2 | W87: 2 | X87: 2 | Y87: 2 | Z87: 2 | AA87: 2 | AB87: 2 | AC87: 2 | AD87: 2 | AE87: 2 | AF87: 2 | AG87: 1
G88: E2_2025-09-30 | H88: TU | I88: TU dissociated cells-13 | J88: 100 | K88: 500 | M88: 6 | N88: 6 | O88: 11.48 | P88: 12.04 | Q88: 6 | R88: 12.21 | S88: 4 | T88: 4 | U88: 4 | V88: 2 | W88: 2 | X88: 2 | Y88: 2 | Z88: 2 | AA88: 2 | AB88: 2 | AC88: 2 | AD88: 2 | AE88: 2
G89: E2_2025-09-30 | H89: TU | I89: TU dissociated cells-13 | J89: 100 | K89: 500 | M89: 7 | N89: 5 | O89: 12.05 | P89: 12.2 | Q89: 5 | R89: 12.37 | S89: 1 | T89: 1 | U89: 1 | V89: 1 | W89: 1 | X89: 1 | Y89: 1 | Z89: 1 | AA89: 1 | AB89: 1
G90: E2_2025-09-30 | H90: TU | I90: TU dissociated cells-13 | J90: 100 | K90: 500 | L90: 76 | M90: 1 | N90: 4 | O90: 10.15 | P90: 10.34 | Q90: 4 | R90: 10.52 | S90: 1 | T90: 0 | AR90: June
G91: E2_2025-09-30 | H91: TU | I91: TU dissociated cells-13 | J91: 100 | K91: 500 | M91: 2 | N91: 3 | O91: 10.45 | P91: 10.58 | Q91: 3 | R91: 11.14 | S91: 1 | T91: 1 | U91: 1 | V91: 1 | W91: 1 | X91: 1 | Y91: 1 | Z91: 1 | AA91: 1 | AB91: 1 | AC91: 1 | AD91: 1 | AE91: 1 | AF91: 1 | AG91: 1 | AH91: 1 | AI91: 0
G92: E2_2025-09-30 | H92: TU | I92: TU dissociated cells-13 | J92: 100 | K92: 500 | M92: 3 | N92: 3 | O92: 11 | P92: 11.12 | Q92: 3 | R92: 11.28 | S92: 1 | T92: 1 | U92: 1 | V92: 1 | W92: 1 | X92: 1 | Y92: 1 | Z92: 1 | AA92: 1 | AB92: 1 | AC92: 1 | AD92: 1 | AE92: 1 | AF92: 1 | AG92: 1 | AH92: 0
G93: E2_2025-09-30 | H93: TU | I93: TU dissociated cells-13 | J93: 100 | K93: 500 | M93: 4 | N93: 2 | O93: 11.14 | P93: 11.23 | Q93: 2 | R93: 11.39 | S93: 2 | T93: 2 | U93: 2 | V93: 2 | W93: 2 | X93: 2 | Y93: 2 | Z93: 2 | AA93: 2 | AB93: 2 | AC93: 2 | AD93: 2 | AE93: 2 | AF93: 2 | AG93: 1 | AH93: 0
G94: E2_2025-09-30 | H94: TU | I94: TU dissociated cells-13 | J94: 100 | K94: 500 | M94: 5 | N94: 3 | O94: 11.32 | P94: 11.45 | Q94: 3 | R94: 12.02 | S94: 2 | T94: 2 | U94: 2 | V94: 2 | W94: 2 | X94: 2 | Y94: 1 | Z94: 1 | AA94: 1 | AB94: 1 | AC94: 1 | AD94: 1 | AE94: 1 | AF94: 1 | AG94: 1 | AH94: 0
G95: E2_2025-09-30 | H95: TU | I95: TU dissociated cells-13 | J95: 100 | K95: 500 | M95: 6 | N95: 3 | O95: 11.46 | P95: 11.59 | Q95: 3 | R95: 12.15 | S95: 1 | T95: 1 | U95: 1 | V95: 1 | W95: 1 | X95: 1 | Y95: 1 | Z95: 1 | AA95: 1 | AB95: 1 | AC95: 1 | AD95: 1 | AE95: 1 | AF95: 1 | AG95: 1 | AH95: 1 | AI95: 1 | AJ95: 1 | AK95: 0
G96: E2_2025-09-30 | H96: TU | I96: TU dissociated cells-13 | J96: 100 | K96: 500 | M96: 7 | N96: 4 | O96: 12.09 | P96: 12.2 | Q96: 4 | R96: 12.37 | S96: 3 | T96: 3 | U96: 3 | V96: 3 | W96: 3 | X96: 3 | Y96: 3 | Z96: 3 | AA96: 3 | AB96: 3 | AC96: 1 | AD96: 1 | AE96: 1 | AF96: 0
G97: E2_2025-09-30 | H97: TU | I97: TU dissociated cells-13 | J97: 100 | K97: 500 | M97: Bee1 | N97: 4 | O97: - | P97: - | Q97: 4 | R97: - | S97: 1 | T97: 1 | U97: 1 | V97: 1 | W97: 1 | X97: 1 | Y97: 1 | Z97: 1 | AA97: 1 | AB97: 1 | AC97: 1 | AD97: 1 | AE97: 1 | AF97: 1 | AG97: 1 | AH97: 1 | AI97: 1 | AJ97: 1 | AK97: 1 | AL97: 1 | AM97: 0
G98: E2_2025-09-30 | H98: TU | I98: TU dissociated cells-13 | J98: 100 | K98: 500 | M98: Bee2 | N98: 5 | O98: - | P98: - | Q98: 5 | R98: 10.51 | S98: 5 | T98: 5 | U98: 5 | V98: 5 | W98: 5 | X98: 5 | Y98: 5 | Z98: 5 | AA98: 5 | AB98: 5 | AC98: 5 | AD98: 5 | AE98: 5 | AF98: 5 | AG98: 3 | AH98: 1 | AI98: 1 | AJ98: 1 | AK98: 1 | AL98: 0
G99: E2_2025-09-30 | H99: TU | I99: TU dissociated cells-13 | J99: 100 | K99: 500 | M99: Bee3 | N99: 4 | O99: - | P99: - | Q99: 4 | R99: 11.1 | S99: 0
G100: E2_2025-09-30 | H100: TU | I100: TU dissociated cells-13 | J100: 100 | K100: 500 | M100: Bee4 | N100: 4 | O100: - | P100: - | Q100: 4 | R100: 11.4 | S100: 0
...

Sheet Summary
A1: Name of cell | B1: Number of Section (50 section) | C1: No. of embryo | D1: No. of clone embryo | F1: % of normal | G1: % of abnormal | H1: normal in system
A2: AB | B2: 9 | C2: ='raw data'!AZ3 -> 482 | D2: Normal | E2: 4 | F2: =(E2*100)/C2 -> 0.82987552 | G2: =(E3*100)/C2 -> 1.4522822 | H2: 4
D3: Abnormal | E3: 7
A4: TU | B4: 7 | C4: ='raw data'!AV3 -> 450 | D4: Normal | E4: 5 | F4: =(E4*100)/C4 -> 1.1111111 | G4: =(E5*100)/C4 -> 0.66666667 | H4: 3
D5: Abnormal | E5: 3
A6: NHGRI | B6: 6 | C6: ='raw data'!AX3 -> 484 | D6: Normal | E6: 6 | F6: =(E6*100)/C6 -> 1.2396694 | G6: =(E7*100)/C6 -> 1.2396694 | H6: 5
D7: Abnormal | E7: 6
A8: Total | B8: =SUM(B2,B4,B6) -> 22 | C8: =SUM(C2:C6) -> 1416 | E8: =SUM(E2:E7) -> 31 | H8: =SUM(H2:H6) -> 12
A10: DOB | B10: Name of cell | C10: Normal | D10: Abnormal | E10: Code | F10: Date of Freeze -20 | G10: Lot.CSOF | H10: Remarks | I10: Status (@2025-11-11) | J10: Zebrafish box | K10: Remarks
A11: 45916 | B11: NHGRI dissociated cells-11 | C11: 0 | D11: 1 | E11: No.1_Clone3-NHGRI cell-11 | F11: 45922 | G11: CSOF 2024-19 | H11: alive/abnormal freeze at Day 6 | I11: Freeze | J11: -
A12: 45918 | B12: TU dissociated cells-12 | C12: 1 | D12: 0 | E12: No.2_Clone6-TU cell-12 | F12: 45926 | G12: CSOF 2024-19 | H12: death at day 8 | I12: Freeze | J12: -
A13: 45923 | B13: NHGRI dissociated cells-12 | C13: 0 | D13: 1 | E13: No.3_Clone2-NHGRI cell-12 | F13: 45930 | G13: CSOF 2024-27 | H13: alive/abnormal freeze at Day 7 | I13: Freeze | J13: -
A14: 45923 | B14: NHGRI dissociated cells-12 | C14: 0 | D14: 1 | E14: No.4_Clone3-NHGRI cell-12 | F14: 45930 | G14: CSOF 2024-27 | H14: alive/abnormal freeze at Day 7 | I14: Freeze | J14: -
A15: 45926 | B15: AB dissociated cells-16 | C15: 0 | D15: 1 | E15: No.5_Clone1-AB cell-16 | F15: 45930 | G15: CSOF 2024-27 | H15: alive/abnormal freeze at Day 7 | I15: Freeze | J15: -
A16: 45926 | B16: AB dissociated cells-16 | C16: 1 | D16: 0 | E16: No.6_Clone3-AB cell-16 | F16: Alive | G16: CSOF 2024-27 | H16: Normal alive at fish room 2025-09-29 | I16: Day 46 | J16: 1
A17: 45926 | B17: AB dissociated cells-16 | C17: 0 | D17: 1 | E17: No.7_Clone5-AB cell-16 | F17: 45930 | G17: CSOF 2024-27 | H17: alive/abnormal freeze at Day 4 | I17: Freeze | J17: -
A18: 45932 | B18: NHGRI dissociated cells-13 | C18: 0 | D18: 1 | E18: No.8_Clone5-NHGRI cell-13 | F18: 45932 | G18: CSOF 2024-27 | H18: alive/abnormal freeze at Day 4 | I18: Freeze | J18: -
A19: 45933 | B19: AB dissociated cells-17 | C19: 0 | D19: 1 | E19: No.9_Clone4-AB cell-17 | F19: - | G19: CSOF 2024-27 | H19: Alive abnormal/degenerate | I19: Disscard | J19: -
A20: 45933 | B20: AB dissociated cells-17 | C20: 0 | D20: 1 | E20: No.10_Clone4-AB cell-17 | F20: 45940 | G20: CSOF 2024-27 | H20: alive/abnormal freeze at Day 7 | I20: Freeze | J20: -
A21: 45933 | B21: AB dissociated cells-17 | C21: 1 | D21: 0 | E21: No.11_Clone4-AB cell-17 | F21: Alive | G21: CSOF 2024-27 | H21: Alive normal / fish room | I21: Day 39 | J21: 2
A22: 45937 | B22: TU dissociated cells-13 | C22: 0 | D22: 1 | E22: No.12_Clone2-TU cell-13 | F22: 45940 | G22: CSOF 2024-19 | H22: alive/abnormal freeze at Day 3 | I22: Freeze | J22: -
A23: 45937 | B23: TU dissociated cells-13 | C23: 0 | D23: 1 | E23: No.13_Clone5-TU cell-13 | F23: 45940 | G23: CSOF 2024-19 | H23: alive/abnormal freeze at Day 3 | I23: Freeze | J23: -
A24: 45940 | B24: NHGRI dissociated cells-14 | C24: 1 | D24: 0 | E24: No.14_Clone4-NHGRI-14 | F24: Alive | G24: CSOF 2024-19 | H24: Normal alive at fish room 2025-10-13 | I24: Day 32 | J24: 3
A25: 45944 | B25: AB dissociated cells-18 | C25: 0 | D25: 1 | E25: No.15_Clone5-AB cell-18 | F25: 45947 | G25: CSOF 2024-19 | H25: alive/abnormal freeze at Day 3 | I25: Freeze | J25: -
A26: 45944 | B26: AB dissociated cells-18 | C26: 0 | D26: 1 | E26: No.16_Clone6-AB cell-18 | F26: 45947 | G26: CSOF 2024-19 | H26: alive/abnormal freeze at Day 3 | I26: Freeze | J26: -
A27: 45946 | B27: NHGRI Chunks cells-1 | C27: 0 | D27: 1 | E27: No.17_Clone3-NHGRI cell-01 | F27: 45951 | G27: CSOF 2024-19 | H27: alive/abnormal freeze at Day 5 | I27: Freeze | J27: -
A28: 45950 | B28: NHGRI dissociated cells-15 | C28: 1 | D28: 0 | E28: No.18_Clone3-NHGRI cell-15 | F28: Alive | G28: CSOF 2021-16 | H28: Alive normal | I28: Day 22 | J28: 4 | K28: Box-4 There were 5 fish. One died, so 4 are left.
A29: 45950 | B29: NHGRI dissociated cells-15 | C29: 1 | D29: 0 | E29: No.19_Clone1-NHGRI cell-15 | F29: Alive | G29: CSOF 2021-16 | H29: Alive normal | I29: Day 22 | J29: 4
A30: 45950 | B30: NHGRI dissociated cells-15 | C30: 1 | D30: 0 | E30: No.20_Clone1-NHGRI cell-15 | F30: Alive | G30: CSOF 2021-16 | H30: Alive normal | I30: Day 22 | J30: 4
A31: 45950 | B31: NHGRI dissociated cells-15 | C31: 1 | D31: 0 | E31: No.21_Clone4-NHGRI cell-15 | F31: Alive | G31: CSOF 2021-16 | H31: Alive normal | I31: Day 22 | J31: 4
A32: 45950 | B32: NHGRI dissociated cells-15 | C32: 0 | D32: 1 | E32: No.22_Clone5-NHGRI cell-15 | F32: 45953 | G32: CSOF 2021-16 | H32: Abnormal,short-tailed zebrafish | I32: Freeze | J32: -
A33: 45950 | B33: NHGRI dissociated cells-15 | C33: 1 | D33: 0 | E33: No.23_Clone1-NHGRI cell-15 | F33: Alive | G33: CSOF 2021-16 | H33: Alive normal | I33: Day 22 | J33: 4
A34: 45952 | B34: AB dissociated cells-19 | C34: 1 | D34: 0 | E34: No.24_Clone6-AB cell-19 | F34: Alive | G34: CSOF 2021-16 | H34: Alive abnormal/ degenerate at day 8 | I34: Disscard | J34: -
A35: 45960 | B35: TU Chunks cells-01 | C35: 1 | D35: 0 | E35: No.25_Clone7-TU cell-01 | F35: Alive | H35: Alive normal | I35: Day 12 | J35: 5
A36: 45964 | B36: TU Chunks cells-02 | C36: 0 | D36: 1 | E36: No.26_Clone4-TU cell-02 | F36: 45970 | H36: alive/abnormal freeze at Day 6 | I36: Freeze | J36: -
A37: 45964 | B37: TU Chunks cells-02 | C37: 1 | D37: 0 | E37: No.27_Clone1-TU cell-02 | F37: Alive | H37: Alive normal | I37: Day 8 | J37: 6 | K37: Box-6 There were 3 fish. One died, so 2 are left.
A38: 45964 | B38: TU Chunks cells-02 | C38: 1 | D38: 0 | E38: No.28_Clone1-TU cell-02 | F38: Alive | H38: Alive normal | I38: Day 8 | J38: 6
A39: 45964 | B39: TU Chunks cells-02 | C39: 1 | D39: 0 | E39: No.29_Clone8-TU cell-02 | F39: Alive | H39: Alive normal | I39: Day 8 | J39: 6
A40: 45968 | B40: AB Chunks cells-04 | C40: 1 | D40: 0 | E40: No.30_Clone2-AB cell-04 | F40: Alive | H40: Alive normal | I40: Day 4 | J40: 7
A41: 45968 | B41: AB Chunks cells-04 | C41: 1 | D41: 0 | E41: No.31_Clone5-AB cell-04 | F41: Alive | H41: Alive normal | I41: Day 4 | J41: 7

Sheet % of development
A1: No. | B1: Name of cell | C1: Total Egg | D1: Activated | E1: 2-cell | F1: 4-cell | G1: 8-cell | H1: 16-cell | I1: 32-cell | J1: 64-cell | K1: 128-cell | L1: 256-cell | M1: 512-cell | N1: 1k-cell | O1: High | P1: Oblong | Q1: Sphere | R1: Dome | S1: 30%epi | T1: 50%epi | U1: Germ ring | V1: Shield | W1: 75%epi | X1: 90%epi | Y1: Day1 | Z1: Day2 | AA1: Day3 | AB1: Day4-5
A3: 1 | B3: AB | C3: ='raw data'!AZ3 -> 482 | D3: ='raw data'!AZ4 -> 482 | E3: ='raw data'!AZ5 -> 230 | F3: ='raw data'!AZ6 -> 213 | G3: ='raw data'!AZ7 -> 199 | H3: ='raw data'!AZ8 -> 179 | I3: ='raw data'!AZ9 -> 174 | J3: ='raw data'!AZ10 -> 173 | K3: ='raw data'!AZ11 -> 169 | L3: ='raw data'!AZ12 -> 169 | M3: ='raw data'!AZ13 -> 164 | N3: ='raw data'!AZ14 -> 157 | O3: ='raw data'!AZ15 -> 147 | P3: ='raw data'!AZ16 -> 131 | Q3: ='raw data'!AZ17 -> 114 | R3: ='raw data'!AZ18 -> 79 | S3: ='raw data'!AZ19 -> 54 | T3: ='raw data'!AZ20 -> 38 | U3: ='raw data'!AZ21 -> 36 | V3: ='raw data'!AZ22 -> 29 | W3: ='raw data'!AZ23 -> 19 | X3: ='raw data'!AZ24 -> 14 | Y3: ='raw data'!AZ25 -> 11 | Z3: ='raw data'!AZ26 -> 11
D4: % | E4: % | F4: % | G4: % | H4: % | I4: % | J4: % | K4: % | L4: % | M4: % | N4: % | O4: % | P4: % | Q4: % | R4: % | S4: % | T4: % | U4: % | V4: % | W4: % | X4: % | Y4: % | Z4: %
D5: ='raw data'!BA4 -> 100 | E5: ='raw data'!BA5 -> 47.717842 | F5: ='raw data'!BA6 -> 44.190871 | G5: ='raw data'!BA7 -> 41.286307 | H5: ='raw data'!BA8 -> 37.136929 | I5: ='raw data'!BA9 -> 36.099585 | J5: ='raw data'!BA10 -> 35.892116 | K5: ='raw data'!BA11 -> 35.062241 | L5: ='raw data'!BA12 -> 35.062241 | M5: ='raw data'!BA13 -> 34.024896 | N5: ='raw data'!BA14 -> 32.572614 | O5: ='raw data'!BA15 -> 30.497925 | P5: ='raw data'!BA16 -> 27.178423 | Q5: ='raw data'!BA17 -> 23.651452 | R5: ='raw data'!BA18 -> 16.390041 | S5: ='raw data'!BA19 -> 11.20332 | T5: ='raw data'!BA20 -> 7.8838174 | U5: ='raw data'!BA21 -> 7.4688797 | V5: ='raw data'!BA22 -> 6.0165975 | W5: ='raw data'!BA23 -> 3.9419087 | X5: ='raw data'!BA24 -> 2.9045643 | Y5: ='raw data'!BA25 -> 2.2821577 | Z5: ='raw data'!BA26 -> 2.2821577
A6: 2 | B6: TU | C6: ='raw data'!AV3 -> 450 | D6: ='raw data'!AV4 -> 450 | E6: ='raw data'!AV5 -> 203 | F6: ='raw data'!AV6 -> 185 | G6: ='raw data'!AV7 -> 169 | H6: ='raw data'!AV8 -> 156 | I6: ='raw data'!AV9 -> 145 | J6: ='raw data'!AV10 -> 144 | K6: ='raw data'!AV11 -> 143 | L6: ='raw data'!AV12 -> 140 | M6: ='raw data'!AV13 -> 135 | N6: ='raw data'!AV14 -> 134 | O6: ='raw data'!AV15 -> 120 | P6: ='raw data'!AV16 -> 110 | Q6: ='raw data'!AV17 -> 102 | R6: ='raw data'!AV18 -> 64 | S6: ='raw data'!AV19 -> 39 | T6: ='raw data'!AV20 -> 24 | U6: ='raw data'!AV21 -> 22 | V6: ='raw data'!AV22 -> 20 | W6: ='raw data'!AV23 -> 11 | X6: ='raw data'!AV24 -> 8 | Y6: ='raw data'!AV25 -> 8 | Z6: ='raw data'!AV26 -> 8
D7: % | E7: % | F7: % | G7: % | H7: % | I7: % | J7: % | K7: % | L7: % | M7: % | N7: % | O7: % | P7: % | Q7: % | R7: % | S7: % | T7: % | U7: % | V7: % | W7: % | X7: % | Y7: % | Z7: %
D8: ='raw data'!AW4 -> 100 | E8: ='raw data'!AW5 -> 45.111111 | F8: ='raw data'!AW6 -> 41.111111 | G8: ='raw data'!AW7 -> 37.555556 | H8: ='raw data'!AW8 -> 34.666667 | I8: ='raw data'!AW9 -> 32.222222 | J8: ='raw data'!AW10 -> 32 | K8: ='raw data'!AW11 -> 31.777778 | L8: ='raw data'!AW12 -> 31.111111 | M8: ='raw data'!AW13 -> 30 | N8: ='raw data'!AW14 -> 29.777778 | O8: ='raw data'!AW15 -> 26.666667 | P8: ='raw data'!AW16 -> 24.444444 | Q8: ='raw data'!AW17 -> 22.666667 | R8: ='raw data'!AW18 -> 14.222222 | S8: ='raw data'!AW19 -> 8.6666667 | T8: ='raw data'!AW20 -> 5.3333333 | U8: ='raw data'!AW21 -> 4.8888889 | V8: ='raw data'!AW22 -> 4.4444444 | W8: ='raw data'!AW23 -> 2.4444444 | X8: ='raw data'!AW24 -> 1.7777778 | Y8: ='raw data'!AW25 -> 1.7777778 | Z8: ='raw data'!AW26 -> 1.7777778
A9: 3 | B9: NHGRI | C9: ='raw data'!AX3 -> 484 | D9: ='raw data'!AX4 -> 484 | E9: ='raw data'!AX5 -> 234 | F9: ='raw data'!AX6 -> 220 | G9: ='raw data'!AX7 -> 210 | H9: ='raw data'!AX8 -> 201 | I9: ='raw data'!AX9 -> 193 | J9: ='raw data'!AX10 -> 190 | K9: ='raw data'!AX11 -> 180 | L9: ='raw data'!AX12 -> 178 | M9: ='raw data'!AX13 -> 172 | N9: ='raw data'!AX14 -> 168 | O9: ='raw data'!AX15 -> 162 | P9: ='raw data'!AX16 -> 146 | Q9: ='raw data'!AX17 -> 127 | R9: ='raw data'!AX18 -> 93 | S9: ='raw data'!AX19 -> 79 | T9: ='raw data'!AX20 -> 68 | U9: ='raw data'!AX21 -> 68 | V9: ='raw data'!AX22 -> 56 | W9: ='raw data'!AX23 -> 51 | X9: ='raw data'!AX24 -> 34 | Y9: ='raw data'!AX25 -> 27 | Z9: ='raw data'!AX26 -> 27
D10: % | E10: % | F10: % | G10: % | H10: % | I10: % | J10: % | K10: % | L10: % | M10: % | N10: % | O10: % | P10: % | Q10: % | R10: % | S10: % | T10: % | U10: % | V10: % | W10: % | X10: % | Y10: % | Z10: %
D11: ='raw data'!AY4 -> 100 | E11: ='raw data'!AY5 -> 48.347107 | F11: ='raw data'!AY6 -> 45.454545 | G11: ='raw data'!AY7 -> 43.38843 | H11: ='raw data'!AY8 -> 41.528926 | I11: ='raw data'!AY9 -> 39.876033 | J11: ='raw data'!AY10 -> 39.256198 | K11: ='raw data'!AY11 -> 37.190083 | L11: ='raw data'!AY12 -> 36.77686 | M11: ='raw data'!AY13 -> 35.53719 | N11: ='raw data'!AY14 -> 34.710744 | O11: ='raw data'!AY15 -> 33.471074 | P11: ='raw data'!AY16 -> 30.165289 | Q11: ='raw data'!AY17 -> 26.239669 | R11: ='raw data'!AY18 -> 19.214876 | S11: ='raw data'!AY19 -> 16.322314 | T11: ='raw data'!AY20 -> 14.049587 | U11: ='raw data'!AY21 -> 14.049587 | V11: ='raw data'!AY22 -> 11.570248 | W11: ='raw data'!AY23 -> 10.53719 | X11: ='raw data'!AY24 -> 7.0247934 | Y11: ='raw data'!AY25 -> 5.5785124 | Z11: ='raw data'!AY26 -> 5.5785124

Sheet NBD

Sheet Cloned fish status
A1: DOB | B1: Lot.CSOF | C1: Name of cell | E1: Code | F1: STATUS | G1: Normal | H1: Abnormal | I1: SEX | J1: cut tail | K1: AGE of clone | L1: d1 | M1: d2 | N1: d3 | O1: d4 | P1: d5 | Q1: d6 | R1: d7 | S1: d8 | T1: d9 | U1: d10 | V1: d11 | W1: d12 | X1: d13 | Y1: d14 | Z1: d15 | AA1: d16 | AB1: d17 | AC1: d18 | AD1: d19 | AE1: d20 | AF1: d21 | AG1: d22 | AH1: d23 | AI1: d24 | AJ1: d25 | AK1: d26 | AL1: d27 | AM1: d28 | AN1: d29 | AO1: d30 | AP1: d31 | AQ1: d32 | AR1: d33 | AS1: d34 | AT1: d35 | AU1: d36 | AV1: d37 | AW1: d38 | AX1: d39 | AY1: d40 | AZ1: d41 | BA1: d42 | BB1: d43 | BC1: d44 | BD1: d45 | BE1: d46 | BF1: d47 | BG1: d48 | BH1: d49 | BI1: d50 | BJ1: d51 | BK1: d52 | BL1: d53 | BM1: d54 | BN1: d55 | BO1: d56 | BP1: d57 | BQ1: d58 | BR1: d59 | BS1: d60 | BT1: d61 | BU1: d62 | BV1: d63 | BW1: d64 | BX1: d65 | BY1: d66 | BZ1: d67 | CA1: d68 | CB1: d69 | CC1: d70 | CD1: d71 | CE1: d72 | CF1: d73 | CG1: d74 | CH1: d75 | CI1: d76 | CJ1: d77 | CK1: d78 | CL1: d79 | CM1: d80 | CN1: d81 | CO1: d82 | CP1: d83 | CQ1: d84 | CR1: d85 | CS1: d86 | CT1: d87 | CU1: d88 | CV1: d89 | CW1: d90 | CX1: d91 | CY1: d92 | CZ1: d93 | DA1: d94 | DB1: d95 | DC1: d96 | DD1: d97 | DE1: d98 | DF1: d99 | DG1: d100 | DH1: d101 | DI1: d102 | DJ1: d103 | DK1: d104 | DL1: d105 | DM1: d106 | DN1: d107 | DO1: d108 | DP1: d109 | DQ1: d110 | DR1: d111 | DS1: d112 | DT1: d113 | DU1: d114 | DV1: d115 | DW1: d116 | DX1: d117 | DY1: d118 | DZ1: d119 | EA1: d120 | EB1: d121 | EC1: d122 | ED1: d123 | EE1: d124 | EF1: d125 | EG1: d126 | EH1: d127 | EI1: d128 | EJ1: d129 | EK1: d130 | EL1: d131 | EM1: d132 | EN1: d133 | EO1: d134 | EP1: d135 | EQ1: d136 | ER1: d137 | ES1: d138 | ET1: d139 | EU1: d140 | EV1: d141 | EW1: d142 | EX1: d143 | EY1: d144 | EZ1: d145 | FA1: d146 | FB1: d147 | FC1: d148 | FD1: d149 | FE1: d150 | FF1: d151 | FG1: d152 | FH1: d153 | FI1: d154 | FJ1: d155 | FK1: d156 | FL1: d157 | FM1: d158 | FN1: d159 | FO1: d160 | FP1: d161 | FQ1: d162 | FR1: d163 | FS1: d164 | FT1: d165 | FU1: d166 | FV1: d167 | FW1: d168 | FX1: d169 | FY1: d170 | FZ1: d171 | GA1: d172 | GB1: d173 | GC1: d174 | GD1: d175 | GE1: d176 | GF1: d177 | GG1: d178 | GH1: d179 | GI1: d180 | GJ1: d181 | GK1: d182 | GL1: d183 | GM1: d184 | GN1: d185 | GO1: d186 | GP1: d187 | GQ1: d188 | GR1: d189 | GS1: d190 | GT1: d191 | GU1: d192 | GV1: d193 | GW1: d194 | GX1: d195 | GY1: d196 | GZ1: d197 | HA1: d198 | HB1: d199 | HC1: d200 | HD1: d201 | HE1: d202 | HF1: d203 | HG1: d204 | HH1: d205 | HI1: d206 | HJ1: d207 | HK1: d208 | HL1: d209 | HM1: d210 | HN1: d211 | HO1: d212 | HP1: d213 | HQ1: d214 | HR1: d215 | HS1: d216 | HT1: d217 | HU1: d218 | HV1: d219 | HW1: d220 | HY1: Date of Freeze -20 | HZ1: Remarks | IA1: Status (@2025-11-11) | IB1: Zebrafish box | IC1: Remarks
A2: 45916 | B2: CSOF 2024-19 | C2: NHGRI dissociated cells-11 | D2: NHGRI | E2: No.1_Clone3-NHGRI cell-11 | F2: Frozen | G2: 0 | H2: 1 | K2: =SUM(L2:BW2) -> 6 | L2: 1 | M2: 1 | N2: 1 | O2: 1 | P2: 1 | Q2: 1 | HX2: 45922 | HY2: alive/abnormal freeze at Day 6 | HZ2: Freeze | IA2: -
A3: 45918 | B3: CSOF 2024-19 | C3: TU dissociated cells-12 | D3: TU | E3: No.2_Clone6-TU cell-12 | F3: Frozen | G3: 1 | H3: 0 | K3: =SUM(L3:BW3) -> 7 | L3: 1 | M3: 1 | N3: 1 | O3: 1 | P3: 1 | Q3: 1 | R3: 1 | S3: 0 | HX3: 45926 | HY3: death at day 8 | HZ3: Freeze | IA3: -
A4: 45923 | B4: CSOF 2024-27 | C4: NHGRI dissociated cells-12 | D4: NHGRI | E4: No.3_Clone2-NHGRI cell-12 | F4: Frozen | G4: 0 | H4: 1 | K4: =SUM(L4:BW4) -> 7 | L4: 1 | M4: 1 | N4: 1 | O4: 1 | P4: 1 | Q4: 1 | R4: 1 | HX4: 45930 | HY4: alive/abnormal freeze at Day 7 | HZ4: Freeze | IA4: -
A5: 45923 | B5: CSOF 2024-27 | C5: NHGRI dissociated cells-12 | D5: NHGRI | E5: No.4_Clone3-NHGRI cell-12 | F5: Frozen | G5: 0 | H5: 1 | K5: =SUM(L5:BW5) -> 7 | L5: 1 | M5: 1 | N5: 1 | O5: 1 | P5: 1 | Q5: 1 | R5: 1 | HX5: 45930 | HY5: alive/abnormal freeze at Day 7 | HZ5: Freeze | IA5: -
A6: 45926 | B6: CSOF 2024-27 | C6: AB dissociated cells-16 | D6: AB | E6: No.5_Clone1-AB cell-16 | F6: Frozen | G6: 0 | H6: 1 | K6: =SUM(L6:BW6) -> 7 | L6: 1 | M6: 1 | N6: 1 | O6: 1 | P6: 1 | Q6: 1 | R6: 1 | HX6: 45930 | HY6: alive/abnormal freeze at Day 7 | HZ6: Freeze | IA6: -
A7: 45926 | B7: CSOF 2024-27 | C7: AB dissociated cells-16 | D7: AB | E7: No.6_Clone3-AB cell-16 | F7: Alive | G7: 1 | H7: 0 | I7: M | J7: FALSE | K7: =SUM(L7:HE7) -> 201 | L7: 1 | M7: 1 | N7: 1 | O7: 1 | P7: 1 | Q7: 1 | R7: 1 | S7: 1 | T7: 1 | U7: 1 | V7: 1 | W7: 1 | X7: 1 | Y7: 1 | Z7: 1 | AA7: 1 | AB7: 1 | AC7: 1 | AD7: 1 | AE7: 1 | AF7: 1 | AG7: 1 | AH7: 1 | AI7: 1 | AJ7: 1 | AK7: 1 | AL7: 1 | AM7: 1 | AN7: 1 | AO7: 1 | AP7: 1 | AQ7: 1 | AR7: 1 | AS7: 1 | AT7: 1 | AU7: 1 | AV7: 1 | AW7: 1 | AX7: 1 | AY7: 1 | AZ7: 1 | BA7: 1 | BB7: 1 | BC7: 1 | BD7: 1 | BE7: 1 | BF7: 1 | BG7: 1 | BH7: 1 | BI7: 1 | BJ7: 1 | BK7: 1 | BL7: 1 | BM7: 1 | BN7: 1 | BO7: 1 | BP7: 1 | BQ7: 1 | BR7: 1 | BS7: 1 | BT7: 1 | BU7: 1 | BV7: 1 | BW7: 1 | BX7: 1 | BY7: 1 | BZ7: 1 | CA7: 1 | CB7: 1 | CC7: 1 | CD7: 1 | CE7: 1 | CF7: 1 | CG7: 1 | CH7: 1 | CI7: 1 | CJ7: 1 | CK7: 1 | CL7: 1 | CM7: 1 | CN7: 1 | CO7: 1 | CP7: 1 | CQ7: 1 | CR7: 1 | CS7: 1 | CT7: 1 | CU7: 1 | CV7: 1 | CW7: 1 | CX7: 1 | CY7: 1 | CZ7: 1 | DA7: 1 | DB7: 1 | DC7: 1 | DD7: 1 | DE7: 1 | DF7: 1 | DG7: 1 | DH7: 1 | DI7: 1 | DJ7: 1 | DK7: 1 | DL7: 1 | DM7: 1 | DN7: 1 | DO7: 1 | DP7: 1 | DQ7: 1 | DR7: 1 | DS7: 1 | DT7: 1 | DU7: 1 | DV7: 1 | DW7: 1 | DX7: 1 | DY7: 1 | DZ7: 1 | EA7: 1 | EB7: 1 | EC7: 1 | ED7: 1 | EE7: 1 | EF7: 1 | EG7: 1 | EH7: 1 | EI7: 1 | EJ7: 1 | EK7: 1 | EL7: 1 | EM7: 1 | EN7: 1 | EO7: 1 | EP7: 1 | EQ7: 1 | ER7: 1 | ES7: 1 | ET7: 1 | EU7: 1 | EV7: 1 | EW7: 1 | EX7: 1 | EY7: 1 | EZ7: 1 | FA7: 1 | FB7: 1 | FC7: 1 | FD7: 1 | FE7: 1 | FF7: 1 | FG7: 1 | FH7: 1 | FI7: 1 | FJ7: 1 | FK7: 1 | FL7: 1 | FM7: 1 | FN7: 1 | FO7: 1 | FP7: 1 | FQ7: 1 | FR7: 1 | FS7: 1 | FT7: 1 | FU7: 1 | FV7: 1 | FW7: 1 | FX7: 1 | FY7: 1 | FZ7: 1 | GA7: 1 | GB7: 1 | GC7: 1 | GD7: 1 | GE7: 1 | GF7: 1 | GG7: 1 | GH7: 1 | GI7: 1 | GJ7: 1 | GK7: 1 | GL7: 1 | GM7: 1 | GN7: 1 | GO7: 1 | GP7: 1 | GQ7: 1 | GR7: 1 | GS7: 1 | GT7: 1 | GU7: 1 | GV7: 1 | GW7: 1 | GX7: 1 | GY7: 1 | GZ7: 1 | HA7: 1 | HB7: 1 | HC7: 1 | HD7: 1 | HX7: Alive | HY7: Normal alive at fish room 2025-09-29 | HZ7: Day 46 | IA7: 1
A8: 45926 | B8: CSOF 2024-27 | C8: AB dissociated cells-16 | D8: AB | E8: No.7_Clone5-AB cell-16 | F8: Frozen | G8: 0 | H8: 1 | K8: =SUM(L8:BW8) -> 4 | L8: 1 | M8: 1 | N8: 1 | O8: 1 | HX8: 45930 | HY8: alive/abnormal freeze at Day 4 | HZ8: Freeze | IA8: -
A9: 45932 | B9: CSOF 2024-27 | C9: NHGRI dissociated cells-13 | D9: NHGRI | E9: No.8_Clone5-NHGRI cell-13 | F9: Frozen | G9: 0 | H9: 1 | K9: =SUM(L9:BW9) -> 4 | L9: 1 | M9: 1 | N9: 1 | O9: 1 | HX9: 45932 | HY9: alive/abnormal freeze at Day 4 | HZ9: Freeze | IA9: -
A10: 45933 | B10: CSOF 2024-27 | C10: AB dissociated cells-17 | D10: AB | E10: No.9_Clone4-AB cell-17 | F10: Discarded | G10: 0 | H10: 1 | J10: FALSE | K10: =SUM(L10:BW10) -> 5 | L10: 1 | M10: 1 | N10: 1 | O10: 1 | P10: 1 | HX10: - | HY10: Alive abnormal/degenerate | HZ10: Disscard | IA10: -
A11: 45933 | B11: CSOF 2024-27 | C11: AB dissociated cells-17 | D11: AB | E11: No.10_Clone4-AB cell-17 | F11: Frozen | G11: 0 | H11: 1 | K11: =SUM(L11:BW11) -> 10 | L11: 1 | M11: 1 | N11: 1 | O11: 1 | P11: 1 | Q11: 1 | R11: 1 | S11: 1 | T11: 1 | U11: 1 | HX11: 45940 | HY11: alive/abnormal freeze at Day 7 | HZ11: Freeze | IA11: -
A12: 45933 | B12: CSOF 2024-27 | C12: AB dissociated cells-17 | D12: AB | E12: No.11_Clone4-AB cell-17 | F12: Alive | G12: 1 | H12: 0 | I12: M | J12: FALSE | K12: =SUM(L12:HW12) -> 194 | L12: 1 | M12: 1 | N12: 1 | O12: 1 | P12: 1 | Q12: 1 | R12: 1 | S12: 1 | T12: 1 | U12: 1 | V12: 1 | W12: 1 | X12: 1 | Y12: 1 | Z12: 1 | AA12: 1 | AB12: 1 | AC12: 1 | AD12: 1 | AE12: 1 | AF12: 1 | AG12: 1 | AH12: 1 | AI12: 1 | AJ12: 1 | AK12: 1 | AL12: 1 | AM12: 1 | AN12: 1 | AO12: 1 | AP12: 1 | AQ12: 1 | AR12: 1 | AS12: 1 | AT12: 1 | AU12: 1 | AV12: 1 | AW12: 1 | AX12: 1 | AY12: 1 | AZ12: 1 | BA12: 1 | BB12: 1 | BC12: 1 | BD12: 1 | BE12: 1 | BF12: 1 | BG12: 1 | BH12: 1 | BI12: 1 | BJ12: 1 | BK12: 1 | BL12: 1 | BM12: 1 | BN12: 1 | BO12: 1 | BP12: 1 | BQ12: 1 | BR12: 1 | BS12: 1 | BT12: 1 | BU12: 1 | BV12: 1 | BW12: 1 | BX12: 1 | BY12: 1 | BZ12: 1 | CA12: 1 | CB12: 1 | CC12: 1 | CD12: 1 | CE12: 1 | CF12: 1 | CG12: 1 | CH12: 1 | CI12: 1 | CJ12: 1 | CK12: 1 | CL12: 1 | CM12: 1 | CN12: 1 | CO12: 1 | CP12: 1 | CQ12: 1 | CR12: 1 | CS12: 1 | CT12: 1 | CU12: 1 | CV12: 1 | CW12: 1 | CX12: 1 | CY12: 1 | CZ12: 1 | DA12: 1 | DB12: 1 | DC12: 1 | DD12: 1 | DE12: 1 | DF12: 1 | DG12: 1 | DH12: 1 | DI12: 1 | DJ12: 1 | DK12: 1 | DL12: 1 | DM12: 1 | DN12: 1 | DO12: 1 | DP12: 1 | DQ12: 1 | DR12: 1 | DS12: 1 | DT12: 1 | DU12: 1 | DV12: 1 | DW12: 1 | DX12: 1 | DY12: 1 | DZ12: 1 | EA12: 1 | EB12: 1 | EC12: 1 | ED12: 1 | EE12: 1 | EF12: 1 | EG12: 1 | EH12: 1 | EI12: 1 | EJ12: 1 | EK12: 1 | EL12: 1 | EM12: 1 | EN12: 1 | EO12: 1 | EP12: 1 | EQ12: 1 | ER12: 1 | ES12: 1 | ET12: 1 | EU12: 1 | EV12: 1 | EW12: 1 | EX12: 1 | EY12: 1 | EZ12: 1 | FA12: 1 | FB12: 1 | FC12: 1 | FD12: 1 | FE12: 1 | FF12: 1 | FG12: 1 | FH12: 1 | FI12: 1 | FJ12: 1 | FK12: 1 | FL12: 1 | FM12: 1 | FN12: 1 | FO12: 1 | FP12: 1 | FQ12: 1 | FR12: 1 | FS12: 1 | FT12: 1 | FU12: 1 | FV12: 1 | FW12: 1 | FX12: 1 | FY12: 1 | FZ12: 1 | GA12: 1 | GB12: 1 | GC12: 1 | GD12: 1 | GE12: 1 | GF12: 1 | GG12: 1 | GH12: 1 | GI12: 1 | GJ12: 1 | GK12: 1 | GL12: 1 | GM12: 1 | GN12: 1 | GO12: 1 | GP12: 1 | GQ12: 1 | GR12: 1 | GS12: 1 | GT12: 1 | GU12: 1 | GV12: 1 | GW12: 1 | HX12: Alive | HY12: Alive normal / fish room | HZ12: Day 39 | IA12: 2
A13: 45937 | B13: CSOF 2024-19 | C13: TU dissociated cells-13 | D13: TU | E13: No.12_Clone2-TU cell-13 | F13: Frozen | G13: 0 | H13: 1 | K13: =SUM(L13:BW13) -> 3 | L13: 1 | M13: 1 | N13: 1 | HX13: 45940 | HY13: alive/abnormal freeze at Day 3 | HZ13: Freeze | IA13: -
A14: 45937 | B14: CSOF 2024-19 | C14: TU dissociated cells-13 | D14: TU | E14: No.13_Clone5-TU cell-13 | F14: Frozen | G14: 0 | H14: 1 | K14: =SUM(L14:BW14) -> 3 | L14: 1 | M14: 1 | N14: 1 | HX14: 45940 | HY14: alive/abnormal freeze at Day 3 | HZ14: Freeze | IA14: -
A15: 45940 | B15: CSOF 2024-19 | C15: NHGRI dissociated cells-14 | D15: NHGRI | E15: No.14_Clone4-NHGRI-14 | F15: Discarded | G15: 1 | H15: 0 | I15: F | J15: TRUE | K15: =SUM(L15:GM15) -> 183 | L15: 1 | M15: 1 | N15: 1 | O15: 1 | P15: 1 | Q15: 1 | R15: 1 | S15: 1 | T15: 1 | U15: 1 | V15: 1 | W15: 1 | X15: 1 | Y15: 1 | Z15: 1 | AA15: 1 | AB15: 1 | AC15: 1 | AD15: 1 | AE15: 1 | AF15: 1 | AG15: 1 | AH15: 1 | AI15: 1 | AJ15: 1 | AK15: 1 | AL15: 1 | AM15: 1 | AN15: 1 | AO15: 1 | AP15: 1 | AQ15: 1 | AR15: 1 | AS15: 1 | AT15: 1 | AU15: 1 | AV15: 1 | AW15: 1 | AX15: 1 | AY15: 1 | AZ15: 1 | BA15: 1 | BB15: 1 | BC15: 1 | BD15: 1 | BE15: 1 | BF15: 1 | BG15: 1 | BH15: 1 | BI15: 1 | BJ15: 1 | BK15: 1 | BL15: 1 | BM15: 1 | BN15: 1 | BO15: 1 | BP15: 1 | BQ15: 1 | BR15: 1 | BS15: 1 | BT15: 1 | BU15: 1 | BV15: 1 | BW15: 1 | BX15: 1 | BY15: 1 | BZ15: 1 | CA15: 1 | CB15: 1 | CC15: 1 | CD15: 1 | CE15: 1 | CF15: 1 | CG15: 1 | CH15: 1 | CI15: 1 | CJ15: 1 | CK15: 1 | CL15: 1 | CM15: 1 | CN15: 1 | CO15: 1 | CP15: 1 | CQ15: 1 | CR15: 1 | CS15: 1 | CT15: 1 | CU15: 1 | CV15: 1 | CW15: 1 | CX15: 1 | CY15: 1 | CZ15: 1 | DA15: 1 | DB15: 1 | DC15: 1 | DD15: 1 | DE15: 1 | DF15: 1 | DG15: 1 | DH15: 1 | DI15: 1 | DJ15: 1 | DK15: 1 | DL15: 1 | DM15: 1 | DN15: 1 | DO15: 1 | DP15: 1 | DQ15: 1 | DR15: 1 | DS15: 1 | DT15: 1 | DU15: 1 | DV15: 1 | DW15: 1 | DX15: 1 | DY15: 1 | DZ15: 1 | EA15: 1 | EB15: 1 | EC15: 1 | ED15: 1 | EE15: 1 | EF15: 1 | EG15: 1 | EH15: 1 | EI15: 1 | EJ15: 1 | EK15: 1 | EL15: 1 | EM15: 1 | EN15: 1 | EO15: 1 | EP15: 1 | EQ15: 1 | ER15: 1 | ES15: 1 | ET15: 1 | EU15: 1 | EV15: 1 | EW15: 1 | EX15: 1 | EY15: 1 | EZ15: 1 | FA15: 1 | FB15: 1 | FC15: 1 | FD15: 1 | FE15: 1 | FF15: 1 | FG15: 1 | FH15: 1 | FI15: 1 | FJ15: 1 | FK15: 1 | FL15: 1 | FM15: 1 | FN15: 1 | FO15: 1 | FP15: 1 | FQ15: 1 | FR15: 1 | FS15: 1 | FT15: 1 | FU15: 1 | FV15: 1 | FW15: 1 | FX15: 1 | FY15: 1 | FZ15: 1 | GA15: 1 | GB15: 1 | GC15: 1 | GD15: 1 | GE15: 1 | GF15: 1 | GG15: 1 | GH15: 1 | GI15: 1 | GJ15: 1 | GK15: 1 | GL15: 1 | HX15: Alive | HY15: Normal alive at fish room 2025-10-13 | HZ15: Day 32 | IA15: 3
A16: 45944 | B16: CSOF 2024-19 | C16: AB dissociated cells-18 | D16: AB | E16: No.15_Clone5-AB cell-18 | F16: Frozen | G16: 0 | H16: 1 | K16: =SUM(L16:BW16) -> 3 | L16: 1 | M16: 1 | N16: 1 | HX16: 45947 | HY16: alive/abnormal freeze at Day 3 | HZ16: Freeze | IA16: -
A17: 45944 | B17: CSOF 2024-19 | C17: AB dissociated cells-18 | D17: AB | E17: No.16_Clone6-AB cell-18 | F17: Frozen | G17: 0 | H17: 1 | K17: =SUM(L17:BW17) -> 3 | L17: 1 | M17: 1 | N17: 1 | HX17: 45947 | HY17: alive/abnormal freeze at Day 3 | HZ17: Freeze | IA17: -
A18: 45946 | B18: CSOF 2024-19 | C18: NHGRI Chunks cells-1 | D18: NHGRI | E18: No.17_Clone3-NHGRI cell-01 | F18: Frozen | G18: 0 | H18: 1 | K18: =SUM(L18:BW18) -> 5 | L18: 1 | M18: 1 | N18: 1 | O18: 1 | P18: 1 | HX18: 45951 | HY18: alive/abnormal freeze at Day 5 | HZ18: Freeze | IA18: -
A19: 45950 | B19: CSOF 2021-16 | C19: NHGRI dissociated cells-15 | D19: NHGRI | E19: No.18_Clone3-NHGRI cell-15 | F19: Discarded | G19: 1 | H19: 0 | J19: FALSE | K19: =SUM(L19:BW19) -> 8 | L19: 1 | M19: 1 | N19: 1 | O19: 1 | P19: 1 | Q19: 1 | R19: 1 | S19: 1 | HX19: Alive | HY19: Alive normal | HZ19: Day 22 | IA19: 4 | IB19: Box-4 There were 5 fish. One died, so 4 are left.
A20: 45950 | B20: CSOF 2021-16 | C20: NHGRI dissociated cells-15 | D20: NHGRI | E20: No.19_Clone1-NHGRI cell-15 | F20: Alive | G20: 1 | H20: 0 | I20: M | J20: FALSE | K20: =SUM(L20:GI20) -> 177 | L20: 1 | M20: 1 | N20: 1 | O20: 1 | P20: 1 | Q20: 1 | R20: 1 | S20: 1 | T20: 1 | U20: 1 | V20: 1 | W20: 1 | X20: 1 | Y20: 1 | Z20: 1 | AA20: 1 | AB20: 1 | AC20: 1 | AD20: 1 | AE20: 1 | AF20: 1 | AG20: 1 | AH20: 1 | AI20: 1 | AJ20: 1 | AK20: 1 | AL20: 1 | AM20: 1 | AN20: 1 | AO20: 1 | AP20: 1 | AQ20: 1 | AR20: 1 | AS20: 1 | AT20: 1 | AU20: 1 | AV20: 1 | AW20: 1 | AX20: 1 | AY20: 1 | AZ20: 1 | BA20: 1 | BB20: 1 | BC20: 1 | BD20: 1 | BE20: 1 | BF20: 1 | BG20: 1 | BH20: 1 | BI20: 1 | BJ20: 1 | BK20: 1 | BL20: 1 | BM20: 1 | BN20: 1 | BO20: 1 | BP20: 1 | BQ20: 1 | BR20: 1 | BS20: 1 | BT20: 1 | BU20: 1 | BV20: 1 | BW20: 1 | BX20: 1 | BY20: 1 | BZ20: 1 | CA20: 1 | CB20: 1 | CC20: 1 | CD20: 1 | CE20: 1 | CF20: 1 | CG20: 1 | CH20: 1 | CI20: 1 | CJ20: 1 | CK20: 1 | CL20: 1 | CM20: 1 | CN20: 1 | CO20: 1 | CP20: 1 | CQ20: 1 | CR20: 1 | CS20: 1 | CT20: 1 | CU20: 1 | CV20: 1 | CW20: 1 | CX20: 1 | CY20: 1 | CZ20: 1 | DA20: 1 | DB20: 1 | DC20: 1 | DD20: 1 | DE20: 1 | DF20: 1 | DG20: 1 | DH20: 1 | DI20: 1 | DJ20: 1 | DK20: 1 | DL20: 1 | DM20: 1 | DN20: 1 | DO20: 1 | DP20: 1 | DQ20: 1 | DR20: 1 | DS20: 1 | DT20: 1 | DU20: 1 | DV20: 1 | DW20: 1 | DX20: 1 | DY20: 1 | DZ20: 1 | EA20: 1 | EB20: 1 | EC20: 1 | ED20: 1 | EE20: 1 | EF20: 1 | EG20: 1 | EH20: 1 | EI20: 1 | EJ20: 1 | EK20: 1 | EL20: 1 | EM20: 1 | EN20: 1 | EO20: 1 | EP20: 1 | EQ20: 1 | ER20: 1 | ES20: 1 | ET20: 1 | EU20: 1 | EV20: 1 | EW20: 1 | EX20: 1 | EY20: 1 | EZ20: 1 | FA20: 1 | FB20: 1 | FC20: 1 | FD20: 1 | FE20: 1 | FF20: 1 | FG20: 1 | FH20: 1 | FI20: 1 | FJ20: 1 | FK20: 1 | FL20: 1 | FM20: 1 | FN20: 1 | FO20: 1 | FP20: 1 | FQ20: 1 | FR20: 1 | FS20: 1 | FT20: 1 | FU20: 1 | FV20: 1 | FW20: 1 | FX20: 1 | FY20: 1 | FZ20: 1 | GA20: 1 | GB20: 1 | GC20: 1 | GD20: 1 | GE20: 1 | GF20: 1 | HX20: Alive | HY20: Alive normal | HZ20: Day 22 | IA20: 4
A21: 45950 | B21: CSOF 2021-16 | C21: NHGRI dissociated cells-15 | D21: NHGRI | E21: No.20_Clone1-NHGRI cell-15 | F21: Alive | G21: 1 | H21: 0 | I21: M | J21: FALSE | K21: =SUM(L21:GI21) -> 177 | L21: 1 | M21: 1 | N21: 1 | O21: 1 | P21: 1 | Q21: 1 | R21: 1 | S21: 1 | T21: 1 | U21: 1 | V21: 1 | W21: 1 | X21: 1 | Y21: 1 | Z21: 1 | AA21: 1 | AB21: 1 | AC21: 1 | AD21: 1 | AE21: 1 | AF21: 1 | AG21: 1 | AH21: 1 | AI21: 1 | AJ21: 1 | AK21: 1 | AL21: 1 | AM21: 1 | AN21: 1 | AO21: 1 | AP21: 1 | AQ21: 1 | AR21: 1 | AS21: 1 | AT21: 1 | AU21: 1 | AV21: 1 | AW21: 1 | AX21: 1 | AY21: 1 | AZ21: 1 | BA21: 1 | BB21: 1 | BC21: 1 | BD21: 1 | BE21: 1 | BF21: 1 | BG21: 1 | BH21: 1 | BI21: 1 | BJ21: 1 | BK21: 1 | BL21: 1 | BM21: 1 | BN21: 1 | BO21: 1 | BP21: 1 | BQ21: 1 | BR21: 1 | BS21: 1 | BT21: 1 | BU21: 1 | BV21: 1 | BW21: 1 | BX21: 1 | BY21: 1 | BZ21: 1 | CA21: 1 | CB21: 1 | CC21: 1 | CD21: 1 | CE21: 1 | CF21: 1 | CG21: 1 | CH21: 1 | CI21: 1 | CJ21: 1 | CK21: 1 | CL21: 1 | CM21: 1 | CN21: 1 | CO21: 1 | CP21: 1 | CQ21: 1 | CR21: 1 | CS21: 1 | CT21: 1 | CU21: 1 | CV21: 1 | CW21: 1 | CX21: 1 | CY21: 1 | CZ21: 1 | DA21: 1 | DB21: 1 | DC21: 1 | DD21: 1 | DE21: 1 | DF21: 1 | DG21: 1 | DH21: 1 | DI21: 1 | DJ21: 1 | DK21: 1 | DL21: 1 | DM21: 1 | DN21: 1 | DO21: 1 | DP21: 1 | DQ21: 1 | DR21: 1 | DS21: 1 | DT21: 1 | DU21: 1 | DV21: 1 | DW21: 1 | DX21: 1 | DY21: 1 | DZ21: 1 | EA21: 1 | EB21: 1 | EC21: 1 | ED21: 1 | EE21: 1 | EF21: 1 | EG21: 1 | EH21: 1 | EI21: 1 | EJ21: 1 | EK21: 1 | EL21: 1 | EM21: 1 | EN21: 1 | EO21: 1 | EP21: 1 | EQ21: 1 | ER21: 1 | ES21: 1 | ET21: 1 | EU21: 1 | EV21: 1 | EW21: 1 | EX21: 1 | EY21: 1 | EZ21: 1 | FA21: 1 | FB21: 1 | FC21: 1 | FD21: 1 | FE21: 1 | FF21: 1 | FG21: 1 | FH21: 1 | FI21: 1 | FJ21: 1 | FK21: 1 | FL21: 1 | FM21: 1 | FN21: 1 | FO21: 1 | FP21: 1 | FQ21: 1 | FR21: 1 | FS21: 1 | FT21: 1 | FU21: 1 | FV21: 1 | FW21: 1 | FX21: 1 | FY21: 1 | FZ21: 1 | GA21: 1 | GB21: 1 | GC21: 1 | GD21: 1 | GE21: 1 | GF21: 1 | HX21: Alive | HY21: Alive normal | HZ21: Day 22 | IA21: 4
A22: 45950 | B22: CSOF 2021-16 | C22: NHGRI dissociated cells-15 | D22: NHGRI | E22: No.21_Clone4-NHGRI cell-15 | F22: Alive | G22: 1 | H22: 0 | I22: M | J22: FALSE | K22: =SUM(L22:GI22) -> 177 | L22: 1 | M22: 1 | N22: 1 | O22: 1 | P22: 1 | Q22: 1 | R22: 1 | S22: 1 | T22: 1 | U22: 1 | V22: 1 | W22: 1 | X22: 1 | Y22: 1 | Z22: 1 | AA22: 1 | AB22: 1 | AC22: 1 | AD22: 1 | AE22: 1 | AF22: 1 | AG22: 1 | AH22: 1 | AI22: 1 | AJ22: 1 | AK22: 1 | AL22: 1 | AM22: 1 | AN22: 1 | AO22: 1 | AP22: 1 | AQ22: 1 | AR22: 1 | AS22: 1 | AT22: 1 | AU22: 1 | AV22: 1 | AW22: 1 | AX22: 1 | AY22: 1 | AZ22: 1 | BA22: 1 | BB22: 1 | BC22: 1 | BD22: 1 | BE22: 1 | BF22: 1 | BG22: 1 | BH22: 1 | BI22: 1 | BJ22: 1 | BK22: 1 | BL22: 1 | BM22: 1 | BN22: 1 | BO22: 1 | BP22: 1 | BQ22: 1 | BR22: 1 | BS22: 1 | BT22: 1 | BU22: 1 | BV22: 1 | BW22: 1 | BX22: 1 | BY22: 1 | BZ22: 1 | CA22: 1 | CB22: 1 | CC22: 1 | CD22: 1 | CE22: 1 | CF22: 1 | CG22: 1 | CH22: 1 | CI22: 1 | CJ22: 1 | CK22: 1 | CL22: 1 | CM22: 1 | CN22: 1 | CO22: 1 | CP22: 1 | CQ22: 1 | CR22: 1 | CS22: 1 | CT22: 1 | CU22: 1 | CV22: 1 | CW22: 1 | CX22: 1 | CY22: 1 | CZ22: 1 | DA22: 1 | DB22: 1 | DC22: 1 | DD22: 1 | DE22: 1 | DF22: 1 | DG22: 1 | DH22: 1 | DI22: 1 | DJ22: 1 | DK22: 1 | DL22: 1 | DM22: 1 | DN22: 1 | DO22: 1 | DP22: 1 | DQ22: 1 | DR22: 1 | DS22: 1 | DT22: 1 | DU22: 1 | DV22: 1 | DW22: 1 | DX22: 1 | DY22: 1 | DZ22: 1 | EA22: 1 | EB22: 1 | EC22: 1 | ED22: 1 | EE22: 1 | EF22: 1 | EG22: 1 | EH22: 1 | EI22: 1 | EJ22: 1 | EK22: 1 | EL22: 1 | EM22: 1 | EN22: 1 | EO22: 1 | EP22: 1 | EQ22: 1 | ER22: 1 | ES22: 1 | ET22: 1 | EU22: 1 | EV22: 1 | EW22: 1 | EX22: 1 | EY22: 1 | EZ22: 1 | FA22: 1 | FB22: 1 | FC22: 1 | FD22: 1 | FE22: 1 | FF22: 1 | FG22: 1 | FH22: 1 | FI22: 1 | FJ22: 1 | FK22: 1 | FL22: 1 | FM22: 1 | FN22: 1 | FO22: 1 | FP22: 1 | FQ22: 1 | FR22: 1 | FS22: 1 | FT22: 1 | FU22: 1 | FV22: 1 | FW22: 1 | FX22: 1 | FY22: 1 | FZ22: 1 | GA22: 1 | GB22: 1 | GC22: 1 | GD22: 1 | GE22: 1 | GF22: 1 | HX22: Alive | HY22: Alive normal | HZ22: Day 22 | IA22: 4
A23: 45950 | B23: CSOF 2021-16 | C23: NHGRI dissociated cells-15 | D23: NHGRI | E23: No.22_Clone5-NHGRI cell-15 | F23: Frozen | G23: 0 | H23: 1 | K23: =SUM(L23:BW23) -> 3 | L23: 1 | M23: 1 | N23: 1 | HX23: 45953 | HY23: Abnormal,short-tailed zebrafish | HZ23: Freeze | IA23: -
A24: 45950 | B24: CSOF 2021-16 | C24: NHGRI dissociated cells-15 | D24: NHGRI | E24: No.23_Clone1-NHGRI cell-15 | F24: Alive | G24: 1 | H24: 0 | I24: F | J24: FALSE | K24: =SUM(L24:GI24) -> 177 | L24: 1 | M24: 1 | N24: 1 | O24: 1 | P24: 1 | Q24: 1 | R24: 1 | S24: 1 | T24: 1 | U24: 1 | V24: 1 | W24: 1 | X24: 1 | Y24: 1 | Z24: 1 | AA24: 1 | AB24: 1 | AC24: 1 | AD24: 1 | AE24: 1 | AF24: 1 | AG24: 1 | AH24: 1 | AI24: 1 | AJ24: 1 | AK24: 1 | AL24: 1 | AM24: 1 | AN24: 1 | AO24: 1 | AP24: 1 | AQ24: 1 | AR24: 1 | AS24: 1 | AT24: 1 | AU24: 1 | AV24: 1 | AW24: 1 | AX24: 1 | AY24: 1 | AZ24: 1 | BA24: 1 | BB24: 1 | BC24: 1 | BD24: 1 | BE24: 1 | BF24: 1 | BG24: 1 | BH24: 1 | BI24: 1 | BJ24: 1 | BK24: 1 | BL24: 1 | BM24: 1 | BN24: 1 | BO24: 1 | BP24: 1 | BQ24: 1 | BR24: 1 | BS24: 1 | BT24: 1 | BU24: 1 | BV24: 1 | BW24: 1 | BX24: 1 | BY24: 1 | BZ24: 1 | CA24: 1 | CB24: 1 | CC24: 1 | CD24: 1 | CE24: 1 | CF24: 1 | CG24: 1 | CH24: 1 | CI24: 1 | CJ24: 1 | CK24: 1 | CL24: 1 | CM24: 1 | CN24: 1 | CO24: 1 | CP24: 1 | CQ24: 1 | CR24: 1 | CS24: 1 | CT24: 1 | CU24: 1 | CV24: 1 | CW24: 1 | CX24: 1 | CY24: 1 | CZ24: 1 | DA24: 1 | DB24: 1 | DC24: 1 | DD24: 1 | DE24: 1 | DF24: 1 | DG24: 1 | DH24: 1 | DI24: 1 | DJ24: 1 | DK24: 1 | DL24: 1 | DM24: 1 | DN24: 1 | DO24: 1 | DP24: 1 | DQ24: 1 | DR24: 1 | DS24: 1 | DT24: 1 | DU24: 1 | DV24: 1 | DW24: 1 | DX24: 1 | DY24: 1 | DZ24: 1 | EA24: 1 | EB24: 1 | EC24: 1 | ED24: 1 | EE24: 1 | EF24: 1 | EG24: 1 | EH24: 1 | EI24: 1 | EJ24: 1 | EK24: 1 | EL24: 1 | EM24: 1 | EN24: 1 | EO24: 1 | EP24: 1 | EQ24: 1 | ER24: 1 | ES24: 1 | ET24: 1 | EU24: 1 | EV24: 1 | EW24: 1 | EX24: 1 | EY24: 1 | EZ24: 1 | FA24: 1 | FB24: 1 | FC24: 1 | FD24: 1 | FE24: 1 | FF24: 1 | FG24: 1 | FH24: 1 | FI24: 1 | FJ24: 1 | FK24: 1 | FL24: 1 | FM24: 1 | FN24: 1 | FO24: 1 | FP24: 1 | FQ24: 1 | FR24: 1 | FS24: 1 | FT24: 1 | FU24: 1 | FV24: 1 | FW24: 1 | FX24: 1 | FY24: 1 | FZ24: 1 | GA24: 1 | GB24: 1 | GC24: 1 | GD24: 1 | GE24: 1 | GF24: 1 | HX24: Alive | HY24: Alive normal | HZ24: Day 22 | IA24: 4
A25: 45952 | B25: CSOF 2021-16 | C25: AB dissociated cells-19 | D25: AB | E25: No.24_Clone6-AB cell-19 | F25: Discarded | G25: 1 | H25: 0 | J25: FALSE | K25: =SUM(L25:BW25) -> 7 | L25: 1 | M25: 1 | N25: 1 | O25: 1 | P25: 1 | Q25: 1 | R25: 1 | S25: 0 | HX25: - | HY25: Alive abnormal/ degenerate at day 8 | HZ25: Disscard | IA25: -
A26: 45960 | B26: CSOF 2024-19 | C26: TU Chunks cells-01 | D26: TU | E26: No.25_Clone7-TU cell-01 | F26: Alive | G26: 1 | H26: 0 | I26: M | J26: FALSE | K26: =SUM(L26:GI26) -> 167 | L26: 1 | M26: 1 | N26: 1 | O26: 1 | P26: 1 | Q26: 1 | R26: 1 | S26: 1 | T26: 1 | U26: 1 | V26: 1 | W26: 1 | X26: 1 | Y26: 1 | Z26: 1 | AA26: 1 | AB26: 1 | AC26: 1 | AD26: 1 | AE26: 1 | AF26: 1 | AG26: 1 | AH26: 1 | AI26: 1 | AJ26: 1 | AK26: 1 | AL26: 1 | AM26: 1 | AN26: 1 | AO26: 1 | AP26: 1 | AQ26: 1 | AR26: 1 | AS26: 1 | AT26: 1 | AU26: 1 | AV26: 1 | AW26: 1 | AX26: 1 | AY26: 1 | AZ26: 1 | BA26: 1 | BB26: 1 | BC26: 1 | BD26: 1 | BE26: 1 | BF26: 1 | BG26: 1 | BH26: 1 | BI26: 1 | BJ26: 1 | BK26: 1 | BL26: 1 | BM26: 1 | BN26: 1 | BO26: 1 | BP26: 1 | BQ26: 1 | BR26: 1 | BS26: 1 | BT26: 1 | BU26: 1 | BV26: 1 | BW26: 1 | BX26: 1 | BY26: 1 | BZ26: 1 | CA26: 1 | CB26: 1 | CC26: 1 | CD26: 1 | CE26: 1 | CF26: 1 | CG26: 1 | CH26: 1 | CI26: 1 | CJ26: 1 | CK26: 1 | CL26: 1 | CM26: 1 | CN26: 1 | CO26: 1 | CP26: 1 | CQ26: 1 | CR26: 1 | CS26: 1 | CT26: 1 | CU26: 1 | CV26: 1 | CW26: 1 | CX26: 1 | CY26: 1 | CZ26: 1 | DA26: 1 | DB26: 1 | DC26: 1 | DD26: 1 | DE26: 1 | DF26: 1 | DG26: 1 | DH26: 1 | DI26: 1 | DJ26: 1 | DK26: 1 | DL26: 1 | DM26: 1 | DN26: 1 | DO26: 1 | DP26: 1 | DQ26: 1 | DR26: 1 | DS26: 1 | DT26: 1 | DU26: 1 | DV26: 1 | DW26: 1 | DX26: 1 | DY26: 1 | DZ26: 1 | EA26: 1 | EB26: 1 | EC26: 1 | ED26: 1 | EE26: 1 | EF26: 1 | EG26: 1 | EH26: 1 | EI26: 1 | EJ26: 1 | EK26: 1 | EL26: 1 | EM26: 1 | EN26: 1 | EO26: 1 | EP26: 1 | EQ26: 1 | ER26: 1 | ES26: 1 | ET26: 1 | EU26: 1 | EV26: 1 | EW26: 1 | EX26: 1 | EY26: 1 | EZ26: 1 | FA26: 1 | FB26: 1 | FC26: 1 | FD26: 1 | FE26: 1 | FF26: 1 | FG26: 1 | FH26: 1 | FI26: 1 | FJ26: 1 | FK26: 1 | FL26: 1 | FM26: 1 | FN26: 1 | FO26: 1 | FP26: 1 | FQ26: 1 | FR26: 1 | FS26: 1 | FT26: 1 | FU26: 1 | FV26: 1 | HX26: Alive | HY26: Alive normal | HZ26: Day 12 | IA26: 5
A27: 45964 | B27: CSOF 2021-16 | C27: TU Chunks cells-02 | D27: TU | E27: No.26_Clone4-TU cell-02 | F27: Frozen | G27: 0 | H27: 1 | K27: =SUM(L27:BW27) -> 6 | L27: 1 | M27: 1 | N27: 1 | O27: 1 | P27: 1 | Q27: 1 | HX27: 45970 | HY27: alive/abnormal freeze at Day 6 | HZ27: Freeze | IA27: -
A28: 45964 | B28: CSOF 2021-16 | C28: TU Chunks cells-02 | D28: TU | E28: No.27_Clone1-TU cell-02 | F28: Discarded | G28: 1 | H28: 0 | J28: FALSE | K28: =SUM(L28:BW28) -> 4 | L28: 1 | M28: 1 | N28: 1 | O28: 1 | P28: 0 | HX28: - | HY28: degenerate at day 5 in system (2025-11-08) | HZ28: Disscard | IA28: 6 | IB28: Box-6 There were 3 fish. One died, so 2 are left.
A29: 45964 | B29: CSOF 2021-16 | C29: TU Chunks cells-02 | D29: TU | E29: No.28_Clone2-TU cell-02 | F29: Discarded | G29: 1 | H29: 0 | J29: FALSE | K29: =SUM(L29:DG29) -> 13 | L29: 1 | M29: 1 | N29: 1 | O29: 1 | P29: 1 | Q29: 1 | R29: 1 | S29: 1 | T29: 1 | U29: 1 | V29: 1 | W29: 1 | X29: 1 | HX29: Alive | HY29: Alive normal | HZ29: Day 8 | IA29: 6
A30: 45964 | B30: CSOF 2021-16 | C30: TU Chunks cells-02 | D30: TU | E30: No.29_Clone8-TU cell-02 | F30: Discarded | G30: 1 | H30: 0 | I30: M | J30: TRUE | K30: =SUM(L30:GI30) -> 162 | L30: 1 | M30: 1 | N30: 1 | O30: 1 | P30: 1 | Q30: 1 | R30: 1 | S30: 1 | T30: 1 | U30: 1 | V30: 1 | W30: 1 | X30: 1 | Y30: 1 | Z30: 1 | AA30: 1 | AB30: 1 | AC30: 1 | AD30: 1 | AE30: 1 | AF30: 1 | AG30: 1 | AH30: 1 | AI30: 1 | AJ30: 1 | AK30: 1 | AL30: 1 | AM30: 1 | AN30: 1 | AO30: 1 | AP30: 1 | AQ30: 1 | AR30: 1 | AS30: 1 | AT30: 1 | AU30: 1 | AV30: 1 | AW30: 1 | AX30: 1 | AY30: 1 | AZ30: 1 | BA30: 1 | BB30: 1 | BC30: 1 | BD30: 1 | BE30: 1 | BF30: 1 | BG30: 1 | BH30: 1 | BI30: 1 | BJ30: 1 | BK30: 1 | BL30: 1 | BM30: 1 | BN30: 1 | BO30: 1 | BP30: 1 | BQ30: 1 | BR30: 1 | BS30: 1 | BT30: 1 | BU30: 1 | BV30: 1 | BW30: 1 | BX30: 1 | BY30: 1 | BZ30: 1 | CA30: 1 | CB30: 1 | CC30: 1 | CD30: 1 | CE30: 1 | CF30: 1 | CG30: 1 | CH30: 1 | CI30: 1 | CJ30: 1 | CK30: 1 | CL30: 1 | CM30: 1 | CN30: 1 | CO30: 1 | CP30: 1 | CQ30: 1 | CR30: 1 | CS30: 1 | CT30: 1 | CU30: 1 | CV30: 1 | CW30: 1 | CX30: 1 | CY30: 1 | CZ30: 1 | DA30: 1 | DB30: 1 | DC30: 1 | DD30: 1 | DE30: 1 | DF30: 1 | DG30: 1 | DH30: 1 | DI30: 1 | DJ30: 1 | DK30: 1 | DL30: 1 | DM30: 1 | DN30: 1 | DO30: 1 | DP30: 1 | DQ30: 1 | DR30: 1 | DS30: 1 | DT30: 1 | DU30: 1 | DV30: 1 | DW30: 1 | DX30: 1 | DY30: 1 | DZ30: 1 | EA30: 1 | EB30: 1 | EC30: 1 | ED30: 1 | EE30: 1 | EF30: 1 | EG30: 1 | EH30: 1 | EI30: 1 | EJ30: 1 | EK30: 1 | EL30: 1 | EM30: 1 | EN30: 1 | EO30: 1 | EP30: 1 | EQ30: 1 | ER30: 1 | ES30: 1 | ET30: 1 | EU30: 1 | EV30: 1 | EW30: 1 | EX30: 1 | EY30: 1 | EZ30: 1 | FA30: 1 | FB30: 1 | FC30: 1 | FD30: 1 | FE30: 1 | FF30: 1 | FG30: 1 | FH30: 1 | FI30: 1 | FJ30: 1 | FK30: 1 | FL30: 1 | FM30: 1 | FN30: 1 | FO30: 1 | FP30: 1 | FQ30: 1 | HX30: Alive | HY30: Alive normal | HZ30: Day 8 | IA30: 6
A31: 45968 | B31: CSOF 2021-3 | C31: AB Chunks cells-04 | D31: AB | E31: No.30_Clone2-AB cell-04 | F31: Alive | G31: 0 | H31: 1 | I31: M | J31: FALSE | K31: =SUM(L31:GI31) -> 159 | L31: 1 | M31: 1 | N31: 1 | O31: 1 | P31: 1 | Q31: 1 | R31: 1 | S31: 1 | T31: 1 | U31: 1 | V31: 1 | W31: 1 | X31: 1 | Y31: 1 | Z31: 1 | AA31: 1 | AB31: 1 | AC31: 1 | AD31: 1 | AE31: 1 | AF31: 1 | AG31: 1 | AH31: 1 | AI31: 1 | AJ31: 1 | AK31: 1 | AL31: 1 | AM31: 1 | AN31: 1 | AO31: 1 | AP31: 1 | AQ31: 1 | AR31: 1 | AS31: 1 | AT31: 1 | AU31: 1 | AV31: 1 | AW31: 1 | AX31: 1 | AY31: 1 | AZ31: 1 | BA31: 1 | BB31: 1 | BC31: 1 | BD31: 1 | BE31: 1 | BF31: 1 | BG31: 1 | BH31: 1 | BI31: 1 | BJ31: 1 | BK31: 1 | BL31: 1 | BM31: 1 | BN31: 1 | BO31: 1 | BP31: 1 | BQ31: 1 | BR31: 1 | BS31: 1 | BT31: 1 | BU31: 1 | BV31: 1 | BW31: 1 | BX31: 1 | BY31: 1 | BZ31: 1 | CA31: 1 | CB31: 1 | CC31: 1 | CD31: 1 | CE31: 1 | CF31: 1 | CG31: 1 | CH31: 1 | CI31: 1 | CJ31: 1 | CK31: 1 | CL31: 1 | CM31: 1 | CN31: 1 | CO31: 1 | CP31: 1 | CQ31: 1 | CR31: 1 | CS31: 1 | CT31: 1 | CU31: 1 | CV31: 1 | CW31: 1 | CX31: 1 | CY31: 1 | CZ31: 1 | DA31: 1 | DB31: 1 | DC31: 1 | DD31: 1 | DE31: 1 | DF31: 1 | DG31: 1 | DH31: 1 | DI31: 1 | DJ31: 1 | DK31: 1 | DL31: 1 | DM31: 1 | DN31: 1 | DO31: 1 | DP31: 1 | DQ31: 1 | DR31: 1 | DS31: 1 | DT31: 1 | DU31: 1 | DV31: 1 | DW31: 1 | DX31: 1 | DY31: 1 | DZ31: 1 | EA31: 1 | EB31: 1 | EC31: 1 | ED31: 1 | EE31: 1 | EF31: 1 | EG31: 1 | EH31: 1 | EI31: 1 | EJ31: 1 | EK31: 1 | EL31: 1 | EM31: 1 | EN31: 1 | EO31: 1 | EP31: 1 | EQ31: 1 | ER31: 1 | ES31: 1 | ET31: 1 | EU31: 1 | EV31: 1 | EW31: 1 | EX31: 1 | EY31: 1 | EZ31: 1 | FA31: 1 | FB31: 1 | FC31: 1 | FD31: 1 | FE31: 1 | FF31: 1 | FG31: 1 | FH31: 1 | FI31: 1 | FJ31: 1 | FK31: 1 | FL31: 1 | FM31: 1 | FN31: 1 | HX31: Alive | HY31: Alive normal | HZ31: Day 4 | IA31: 7
A32: 45968 | B32: CSOF 2021-3 | C32: AB Chunks cells-04 | D32: AB | E32: No.31_Clone5-AB cell-04 | F32: Alive | G32: 0 | H32: 1 | I32: F | J32: FALSE | K32: =SUM(L32:GI32) -> 159 | L32: 1 | M32: 1 | N32: 1 | O32: 1 | P32: 1 | Q32: 1 | R32: 1 | S32: 1 | T32: 1 | U32: 1 | V32: 1 | W32: 1 | X32: 1 | Y32: 1 | Z32: 1 | AA32: 1 | AB32: 1 | AC32: 1 | AD32: 1 | AE32: 1 | AF32: 1 | AG32: 1 | AH32: 1 | AI32: 1 | AJ32: 1 | AK32: 1 | AL32: 1 | AM32: 1 | AN32: 1 | AO32: 1 | AP32: 1 | AQ32: 1 | AR32: 1 | AS32: 1 | AT32: 1 | AU32: 1 | AV32: 1 | AW32: 1 | AX32: 1 | AY32: 1 | AZ32: 1 | BA32: 1 | BB32: 1 | BC32: 1 | BD32: 1 | BE32: 1 | BF32: 1 | BG32: 1 | BH32: 1 | BI32: 1 | BJ32: 1 | BK32: 1 | BL32: 1 | BM32: 1 | BN32: 1 | BO32: 1 | BP32: 1 | BQ32: 1 | BR32: 1 | BS32: 1 | BT32: 1 | BU32: 1 | BV32: 1 | BW32: 1 | BX32: 1 | BY32: 1 | BZ32: 1 | CA32: 1 | CB32: 1 | CC32: 1 | CD32: 1 | CE32: 1 | CF32: 1 | CG32: 1 | CH32: 1 | CI32: 1 | CJ32: 1 | CK32: 1 | CL32: 1 | CM32: 1 | CN32: 1 | CO32: 1 | CP32: 1 | CQ32: 1 | CR32: 1 | CS32: 1 | CT32: 1 | CU32: 1 | CV32: 1 | CW32: 1 | CX32: 1 | CY32: 1 | CZ32: 1 | DA32: 1 | DB32: 1 | DC32: 1 | DD32: 1 | DE32: 1 | DF32: 1 | DG32: 1 | DH32: 1 | DI32: 1 | DJ32: 1 | DK32: 1 | DL32: 1 | DM32: 1 | DN32: 1 | DO32: 1 | DP32: 1 | DQ32: 1 | DR32: 1 | DS32: 1 | DT32: 1 | DU32: 1 | DV32: 1 | DW32: 1 | DX32: 1 | DY32: 1 | DZ32: 1 | EA32: 1 | EB32: 1 | EC32: 1 | ED32: 1 | EE32: 1 | EF32: 1 | EG32: 1 | EH32: 1 | EI32: 1 | EJ32: 1 | EK32: 1 | EL32: 1 | EM32: 1 | EN32: 1 | EO32: 1 | EP32: 1 | EQ32: 1 | ER32: 1 | ES32: 1 | ET32: 1 | EU32: 1 | EV32: 1 | EW32: 1 | EX32: 1 | EY32: 1 | EZ32: 1 | FA32: 1 | FB32: 1 | FC32: 1 | FD32: 1 | FE32: 1 | FF32: 1 | FG32: 1 | FH32: 1 | FI32: 1 | FJ32: 1 | FK32: 1 | FL32: 1 | FM32: 1 | FN32: 1 | HX32: Alive | HY32: Alive normal | HZ32: Day 4 | IA32: 7
A33: 45981 | B33: CSOF 2021-3 | C33: NHGRI dissociated cells-17 | D33: NHGRI | E33: No.32_Clone1-NHGRI_cell-17 | F33: Alive | G33: 1 | H33: 0 | I33: M | J33: FALSE | K33: =SUM(L33:GI33) -> 146 | L33: 1 | M33: 1 | N33: 1 | O33: 1 | P33: 1 | Q33: 1 | R33: 1 | S33: 1 | T33: 1 | U33: 1 | V33: 1 | W33: 1 | X33: 1 | Y33: 1 | Z33: 1 | AA33: 1 | AB33: 1 | AC33: 1 | AD33: 1 | AE33: 1 | AF33: 1 | AG33: 1 | AH33: 1 | AI33: 1 | AJ33: 1 | AK33: 1 | AL33: 1 | AM33: 1 | AN33: 1 | AO33: 1 | AP33: 1 | AQ33: 1 | AR33: 1 | AS33: 1 | AT33: 1 | AU33: 1 | AV33: 1 | AW33: 1 | AX33: 1 | AY33: 1 | AZ33: 1 | BA33: 1 | BB33: 1 | BC33: 1 | BD33: 1 | BE33: 1 | BF33: 1 | BG33: 1 | BH33: 1 | BI33: 1 | BJ33: 1 | BK33: 1 | BL33: 1 | BM33: 1 | BN33: 1 | BO33: 1 | BP33: 1 | BQ33: 1 | BR33: 1 | BS33: 1 | BT33: 1 | BU33: 1 | BV33: 1 | BW33: 1 | BX33: 1 | BY33: 1 | BZ33: 1 | CA33: 1 | CB33: 1 | CC33: 1 | CD33: 1 | CE33: 1 | CF33: 1 | CG33: 1 | CH33: 1 | CI33: 1 | CJ33: 1 | CK33: 1 | CL33: 1 | CM33: 1 | CN33: 1 | CO33: 1 | CP33: 1 | CQ33: 1 | CR33: 1 | CS33: 1 | CT33: 1 | CU33: 1 | CV33: 1 | CW33: 1 | CX33: 1 | CY33: 1 | CZ33: 1 | DA33: 1 | DB33: 1 | DC33: 1 | DD33: 1 | DE33: 1 | DF33: 1 | DG33: 1 | DH33: 1 | DI33: 1 | DJ33: 1 | DK33: 1 | DL33: 1 | DM33: 1 | DN33: 1 | DO33: 1 | DP33: 1 | DQ33: 1 | DR33: 1 | DS33: 1 | DT33: 1 | DU33: 1 | DV33: 1 | DW33: 1 | DX33: 1 | DY33: 1 | DZ33: 1 | EA33: 1 | EB33: 1 | EC33: 1 | ED33: 1 | EE33: 1 | EF33: 1 | EG33: 1 | EH33: 1 | EI33: 1 | EJ33: 1 | EK33: 1 | EL33: 1 | EM33: 1 | EN33: 1 | EO33: 1 | EP33: 1 | EQ33: 1 | ER33: 1 | ES33: 1 | ET33: 1 | EU33: 1 | EV33: 1 | EW33: 1 | EX33: 1 | EY33: 1 | EZ33: 1 | FA33: 1
A34: 45986 | B34: CSOF 2021-3 | C34: NHGRI dissociated cells-18 | D34: NHGRI | E34: No.33_Clone1-NHGRI_cell-18 | F34: Alive | G34: 0 | H34: 1 | I34: M | J34: FALSE | K34: =SUM(L34:GI34) -> 141 | L34: 1 | M34: 1 | N34: 1 | O34: 1 | P34: 1 | Q34: 1 | R34: 1 | S34: 1 | T34: 1 | U34: 1 | V34: 1 | W34: 1 | X34: 1 | Y34: 1 | Z34: 1 | AA34: 1 | AB34: 1 | AC34: 1 | AD34: 1 | AE34: 1 | AF34: 1 | AG34: 1 | AH34: 1 | AI34: 1 | AJ34: 1 | AK34: 1 | AL34: 1 | AM34: 1 | AN34: 1 | AO34: 1 | AP34: 1 | AQ34: 1 | AR34: 1 | AS34: 1 | AT34: 1 | AU34: 1 | AV34: 1 | AW34: 1 | AX34: 1 | AY34: 1 | AZ34: 1 | BA34: 1 | BB34: 1 | BC34: 1 | BD34: 1 | BE34: 1 | BF34: 1 | BG34: 1 | BH34: 1 | BI34: 1 | BJ34: 1 | BK34: 1 | BL34: 1 | BM34: 1 | BN34: 1 | BO34: 1 | BP34: 1 | BQ34: 1 | BR34: 1 | BS34: 1 | BT34: 1 | BU34: 1 | BV34: 1 | BW34: 1 | BX34: 1 | BY34: 1 | BZ34: 1 | CA34: 1 | CB34: 1 | CC34: 1 | CD34: 1 | CE34: 1 | CF34: 1 | CG34: 1 | CH34: 1 | CI34: 1 | CJ34: 1 | CK34: 1 | CL34: 1 | CM34: 1 | CN34: 1 | CO34: 1 | CP34: 1 | CQ34: 1 | CR34: 1 | CS34: 1 | CT34: 1 | CU34: 1 | CV34: 1 | CW34: 1 | CX34: 1 | CY34: 1 | CZ34: 1 | DA34: 1 | DB34: 1 | DC34: 1 | DD34: 1 | DE34: 1 | DF34: 1 | DG34: 1 | DH34: 1 | DI34: 1 | DJ34: 1 | DK34: 1 | DL34: 1 | DM34: 1 | DN34: 1 | DO34: 1 | DP34: 1 | DQ34: 1 | DR34: 1 | DS34: 1 | DT34: 1 | DU34: 1 | DV34: 1 | DW34: 1 | DX34: 1 | DY34: 1 | DZ34: 1 | EA34: 1 | EB34: 1 | EC34: 1 | ED34: 1 | EE34: 1 | EF34: 1 | EG34: 1 | EH34: 1 | EI34: 1 | EJ34: 1 | EK34: 1 | EL34: 1 | EM34: 1 | EN34: 1 | EO34: 1 | EP34: 1 | EQ34: 1 | ER34: 1 | ES34: 1 | ET34: 1 | EU34: 1 | EV34: 1
A35: 45986 | B35: CSOF 2021-3 | C35: NHGRI dissociated cells-18 | D35: NHGRI | E35: No.34_Clone1-NHGRI_cell-18 | F35: Alive | G35: 1 | H35: 0 | I35: M | J35: FALSE | K35: =SUM(L35:GI35) -> 141 | L35: 1 | M35: 1 | N35: 1 | O35: 1 | P35: 1 | Q35: 1 | R35: 1 | S35: 1 | T35: 1 | U35: 1 | V35: 1 | W35: 1 | X35: 1 | Y35: 1 | Z35: 1 | AA35: 1 | AB35: 1 | AC35: 1 | AD35: 1 | AE35: 1 | AF35: 1 | AG35: 1 | AH35: 1 | AI35: 1 | AJ35: 1 | AK35: 1 | AL35: 1 | AM35: 1 | AN35: 1 | AO35: 1 | AP35: 1 | AQ35: 1 | AR35: 1 | AS35: 1 | AT35: 1 | AU35: 1 | AV35: 1 | AW35: 1 | AX35: 1 | AY35: 1 | AZ35: 1 | BA35: 1 | BB35: 1 | BC35: 1 | BD35: 1 | BE35: 1 | BF35: 1 | BG35: 1 | BH35: 1 | BI35: 1 | BJ35: 1 | BK35: 1 | BL35: 1 | BM35: 1 | BN35: 1 | BO35: 1 | BP35: 1 | BQ35: 1 | BR35: 1 | BS35: 1 | BT35: 1 | BU35: 1 | BV35: 1 | BW35: 1 | BX35: 1 | BY35: 1 | BZ35: 1 | CA35: 1 | CB35: 1 | CC35: 1 | CD35: 1 | CE35: 1 | CF35: 1 | CG35: 1 | CH35: 1 | CI35: 1 | CJ35: 1 | CK35: 1 | CL35: 1 | CM35: 1 | CN35: 1 | CO35: 1 | CP35: 1 | CQ35: 1 | CR35: 1 | CS35: 1 | CT35: 1 | CU35: 1 | CV35: 1 | CW35: 1 | CX35: 1 | CY35: 1 | CZ35: 1 | DA35: 1 | DB35: 1 | DC35: 1 | DD35: 1 | DE35: 1 | DF35: 1 | DG35: 1 | DH35: 1 | DI35: 1 | DJ35: 1 | DK35: 1 | DL35: 1 | DM35: 1 | DN35: 1 | DO35: 1 | DP35: 1 | DQ35: 1 | DR35: 1 | DS35: 1 | DT35: 1 | DU35: 1 | DV35: 1 | DW35: 1 | DX35: 1 | DY35: 1 | DZ35: 1 | EA35: 1 | EB35: 1 | EC35: 1 | ED35: 1 | EE35: 1 | EF35: 1 | EG35: 1 | EH35: 1 | EI35: 1 | EJ35: 1 | EK35: 1 | EL35: 1 | EM35: 1 | EN35: 1 | EO35: 1 | EP35: 1 | EQ35: 1 | ER35: 1 | ES35: 1 | ET35: 1 | EU35: 1 | EV35: 1
A36: 45986 | B36: CSOF 2021-3 | C36: NHGRI dissociated cells-18 | D36: NHGRI | E36: No.35_Clone5-NHGRI_cell-18 | F36: Discarded | G36: 0 | H36: 1 | K36: 4 | L36: 1 | M36: 1 | N36: 1 | O36: 1
A37: 45986 | B37: CSOF 2021-3 | C37: NHGRI dissociated cells-18 | D37: NHGRI | E37: No.36_Clone6-NHGRI_cell-18 | F37: Alive | G37: 1 | H37: 0 | I37: M | J37: FALSE | K37: =SUM(L37:GI37) -> 141 | L37: 1 | M37: 1 | N37: 1 | O37: 1 | P37: 1 | Q37: 1 | R37: 1 | S37: 1 | T37: 1 | U37: 1 | V37: 1 | W37: 1 | X37: 1 | Y37: 1 | Z37: 1 | AA37: 1 | AB37: 1 | AC37: 1 | AD37: 1 | AE37: 1 | AF37: 1 | AG37: 1 | AH37: 1 | AI37: 1 | AJ37: 1 | AK37: 1 | AL37: 1 | AM37: 1 | AN37: 1 | AO37: 1 | AP37: 1 | AQ37: 1 | AR37: 1 | AS37: 1 | AT37: 1 | AU37: 1 | AV37: 1 | AW37: 1 | AX37: 1 | AY37: 1 | AZ37: 1 | BA37: 1 | BB37: 1 | BC37: 1 | BD37: 1 | BE37: 1 | BF37: 1 | BG37: 1 | BH37: 1 | BI37: 1 | BJ37: 1 | BK37: 1 | BL37: 1 | BM37: 1 | BN37: 1 | BO37: 1 | BP37: 1 | BQ37: 1 | BR37: 1 | BS37: 1 | BT37: 1 | BU37: 1 | BV37: 1 | BW37: 1 | BX37: 1 | BY37: 1 | BZ37: 1 | CA37: 1 | CB37: 1 | CC37: 1 | CD37: 1 | CE37: 1 | CF37: 1 | CG37: 1 | CH37: 1 | CI37: 1 | CJ37: 1 | CK37: 1 | CL37: 1 | CM37: 1 | CN37: 1 | CO37: 1 | CP37: 1 | CQ37: 1 | CR37: 1 | CS37: 1 | CT37: 1 | CU37: 1 | CV37: 1 | CW37: 1 | CX37: 1 | CY37: 1 | CZ37: 1 | DA37: 1 | DB37: 1 | DC37: 1 | DD37: 1 | DE37: 1 | DF37: 1 | DG37: 1 | DH37: 1 | DI37: 1 | DJ37: 1 | DK37: 1 | DL37: 1 | DM37: 1 | DN37: 1 | DO37: 1 | DP37: 1 | DQ37: 1 | DR37: 1 | DS37: 1 | DT37: 1 | DU37: 1 | DV37: 1 | DW37: 1 | DX37: 1 | DY37: 1 | DZ37: 1 | EA37: 1 | EB37: 1 | EC37: 1 | ED37: 1 | EE37: 1 | EF37: 1 | EG37: 1 | EH37: 1 | EI37: 1 | EJ37: 1 | EK37: 1 | EL37: 1 | EM37: 1 | EN37: 1 | EO37: 1 | EP37: 1 | EQ37: 1 | ER37: 1 | ES37: 1 | ET37: 1 | EU37: 1 | EV37: 1
A38: 45986 | B38: CSOF 2021-3 | C38: NHGRI dissociated cells-18 | D38: NHGRI | E38: No.37_Clone2-NHGRI_cell-18 | F38: Discarded | G38: 0 | H38: 1 | J38: FALSE | K38: 3 | L38: 1 | M38: 1 | N38: 1
A39: 45986 | B39: CSOF 2021-3 | C39: NHGRI dissociated cells-18 | D39: NHGRI | E39: No.38_Clone3-NHGRI_cell-18 | F39: Discarded | G39: 0 | H39: 1 | J39: FALSE | K39: 3 | L39: 1 | M39: 1 | N39: 1
A40: 45988 | B40: CSOF 2021-3 | C40: NHGRI dissociated cells-19 | D40: NHGRI | E40: No.39_Clone2-NHGRI_cell-19 | F40: Discarded | G40: 1 | H40: 0 | J40: FALSE | K40: =SUM(L40:DG40) -> 11 | L40: 1 | M40: 1 | N40: 1 | O40: 1 | P40: 1 | Q40: 1 | R40: 1 | S40: 1 | T40: 1 | U40: 1 | V40: 1
A41: 45988 | B41: CSOF 2021-3 | C41: NHGRI dissociated cells-19 | D41: NHGRI | E41: No.40_Clone3-NHGRI_cell-19 | F41: Discarded | G41: 1 | H41: 0 | J41: FALSE | K41: =SUM(L41:DG41) -> 47 | L41: 1 | M41: 1 | N41: 1 | O41: 1 | P41: 1 | Q41: 1 | R41: 1 | S41: 1 | T41: 1 | U41: 1 | V41: 1 | W41: 1 | X41: 1 | Y41: 1 | Z41: 1 | AA41: 1 | AB41: 1 | AC41: 1 | AD41: 1 | AE41: 1 | AF41: 1 | AG41: 1 | AH41: 1 | AI41: 1 | AJ41: 1 | AK41: 1 | AL41: 1 | AM41: 1 | AN41: 1 | AO41: 1 | AP41: 1 | AQ41: 1 | AR41: 1 | AS41: 1 | AT41: 1 | AU41: 1 | AV41: 1 | AW41: 1 | AX41: 1 | AY41: 1 | AZ41: 1 | BA41: 1 | BB41: 1 | BC41: 1 | BD41: 1 | BE41: 1 | BF41: 1
A42: 45988 | B42: CSOF 2021-3 | C42: NHGRI dissociated cells-19 | D42: NHGRI | E42: No.41_Clone4-NHGRI_cell-19 | F42: Discarded | G42: 0 | H42: 1 | J42: FALSE | K42: 2 | L42: 1 | M42: 1
A43: 45988 | B43: CSOF 2021-3 | C43: NHGRI dissociated cells-19 | D43: NHGRI | E43: No.42_Clone5-NHGRI_cell-19 | F43: Discarded | G43: 0 | H43: 1 | J43: FALSE | K43: 2 | L43: 1 | M43: 1
A44: 45988 | B44: CSOF 2021-3 | C44: NHGRI dissociated cells-19 | D44: NHGRI | E44: No.43_Clone6-NHGRI_cell-19 | F44: Discarded | G44: 0 | H44: 1 | J44: FALSE | K44: 2 | L44: 1 | M44: 1
A45: 45988 | B45: CSOF 2021-3 | C45: NHGRI dissociated cells-19 | D45: NHGRI | E45: No.44_Clone7-NHGRI_cell-19 | F45: Discarded | G45: 0 | H45: 1 | J45: FALSE | K45: 2 | L45: 1 | M45: 1
A46: 45988 | B46: CSOF 2021-3 | C46: NHGRI dissociated cells-19 | D46: NHGRI | E46: No.45_Clone1-NHGRI_cell-19 | F46: Alive | G46: 1 | H46: 0 | I46: M | J46: FALSE | K46: =SUM(L46:GI46) -> 139 | L46: 1 | M46: 1 | N46: 1 | O46: 1 | P46: 1 | Q46: 1 | R46: 1 | S46: 1 | T46: 1 | U46: 1 | V46: 1 | W46: 1 | X46: 1 | Y46: 1 | Z46: 1 | AA46: 1 | AB46: 1 | AC46: 1 | AD46: 1 | AE46: 1 | AF46: 1 | AG46: 1 | AH46: 1 | AI46: 1 | AJ46: 1 | AK46: 1 | AL46: 1 | AM46: 1 | AN46: 1 | AO46: 1 | AP46: 1 | AQ46: 1 | AR46: 1 | AS46: 1 | AT46: 1 | AU46: 1 | AV46: 1 | AW46: 1 | AX46: 1 | AY46: 1 | AZ46: 1 | BA46: 1 | BB46: 1 | BC46: 1 | BD46: 1 | BE46: 1 | BF46: 1 | BG46: 1 | BH46: 1 | BI46: 1 | BJ46: 1 | BK46: 1 | BL46: 1 | BM46: 1 | BN46: 1 | BO46: 1 | BP46: 1 | BQ46: 1 | BR46: 1 | BS46: 1 | BT46: 1 | BU46: 1 | BV46: 1 | BW46: 1 | BX46: 1 | BY46: 1 | BZ46: 1 | CA46: 1 | CB46: 1 | CC46: 1 | CD46: 1 | CE46: 1 | CF46: 1 | CG46: 1 | CH46: 1 | CI46: 1 | CJ46: 1 | CK46: 1 | CL46: 1 | CM46: 1 | CN46: 1 | CO46: 1 | CP46: 1 | CQ46: 1 | CR46: 1 | CS46: 1 | CT46: 1 | CU46: 1 | CV46: 1 | CW46: 1 | CX46: 1 | CY46: 1 | CZ46: 1 | DA46: 1 | DB46: 1 | DC46: 1 | DD46: 1 | DE46: 1 | DF46: 1 | DG46: 1 | DH46: 1 | DI46: 1 | DJ46: 1 | DK46: 1 | DL46: 1 | DM46: 1 | DN46: 1 | DO46: 1 | DP46: 1 | DQ46: 1 | DR46: 1 | DS46: 1 | DT46: 1 | DU46: 1 | DV46: 1 | DW46: 1 | DX46: 1 | DY46: 1 | DZ46: 1 | EA46: 1 | EB46: 1 | EC46: 1 | ED46: 1 | EE46: 1 | EF46: 1 | EG46: 1 | EH46: 1 | EI46: 1 | EJ46: 1 | EK46: 1 | EL46: 1 | EM46: 1 | EN46: 1 | EO46: 1 | EP46: 1 | EQ46: 1 | ER46: 1 | ES46: 1 | ET46: 1
A47: 45988 | B47: CSOF 2021-3 | C47: NHGRI dissociated cells-19 | D47: NHGRI | E47: No.46_Clone3-NHGRI_cell-19 | F47: Discarded | G47: 0 | H47: 1 | K47: 2 | L47: 1 | M47: 1
A51: abnormal clone ที่เพิ่มเมื่อวันที่ 17 April 2026 by June น่าจะลืมใส่ by some reason

Sheet Cloned fish status(Master)
A1: No | B1: CODE: Clone(CL) | C1: CODE: Recipient tail(RT) | D1: CODE: Donor cell(DC) | E1: DOB of clone | F1: Recipient breed | G1: No of recipient egg | H1: Donor cell | J1: Code | K1: Status | L1: Specimen type | M1: Normal | N1: Abnormal | O1: Sex | P1: Fin clip | Q1: Age of clone | R1: d1 | S1: d2 | T1: d3 | U1: d4 | V1: d5 | W1: d6 | X1: d7 | Y1: d8 | Z1: d9 | AA1: d10 | AB1: d11 | AC1: d12 | AD1: d13 | AE1: d14 | AF1: d15 | AG1: d16 | AH1: d17 | AI1: d18 | AJ1: d19 | AK1: d20 | AL1: d21 | AM1: d22 | AN1: d23 | AO1: d24 | AP1: d25 | AQ1: d26 | AR1: d27 | AS1: d28 | AT1: d29 | AU1: d30 | AV1: d31 | AW1: d32 | AX1: d33 | AY1: d34 | AZ1: d35 | BA1: d36 | BB1: d37 | BC1: d38 | BD1: d39 | BE1: d40 | BF1: d41 | BG1: d42 | BH1: d43 | BI1: d44 | BJ1: d45 | BK1: d46 | BL1: d47 | BM1: d48 | BN1: d49 | BO1: d50 | BP1: d51 | BQ1: d52 | BR1: d53 | BS1: d54 | BT1: d55 | BU1: d56 | BV1: d57 | BW1: d58 | BX1: d59 | BY1: d60 | BZ1: d61 | CA1: d62 | CB1: d63 | CC1: d64 | CD1: d65 | CE1: d66 | CF1: d67 | CG1: d68 | CH1: d69 | CI1: d70 | CJ1: d71 | CK1: d72 | CL1: d73 | CM1: d74 | CN1: d75 | CO1: d76 | CP1: d77 | CQ1: d78 | CR1: d79 | CS1: d80 | CT1: d81 | CU1: d82 | CV1: d83 | CW1: d84 | CX1: d85 | CY1: d86 | CZ1: d87 | DA1: d88 | DB1: d89 | DC1: d90 | DD1: d91 | DE1: d92 | DF1: d93 | DG1: d94 | DH1: d95 | DI1: d96 | DJ1: d97 | DK1: d98 | DL1: d99 | DM1: d100 | DN1: d101 | DO1: d102 | DP1: d103 | DQ1: d104 | DR1: d105 | DS1: d106 | DT1: d107 | DU1: d108 | DV1: d109 | DW1: d110 | DX1: d111 | DY1: d112 | DZ1: d113 | EA1: d114 | EB1: d115 | EC1: d116 | ED1: d117 | EE1: d118 | EF1: d119 | EG1: d120 | EH1: d121 | EI1: d122 | EJ1: d123 | EK1: d124 | EL1: d125 | EM1: d126 | EN1: d127 | EO1: d128 | EP1: d129 | EQ1: d130 | ER1: d131 | ES1: d132 | ET1: d133 | EU1: d134 | EV1: d135 | EW1: d136 | EX1: d137 | EY1: d138 | EZ1: d139 | FA1: d140 | FB1: d141 | FC1: d142 | FD1: d143 | FE1: d144 | FF1: d145 | FG1: d146 | FH1: d147 | FI1: d148 | FJ1: d149 | FK1: d150 | FL1: d151 | FM1: d152 | FN1: d153 | FO1: d154 | FP1: d155 | FQ1: d156 | FR1: d157 | FS1: d158 | FT1: d159 | FU1: d160 | FV1: d161 | FW1: d162 | FX1: d163 | FY1: d164 | FZ1: d165 | GA1: d166 | GB1: d167 | GC1: d168 | GD1: d169 | GE1: d170 | GF1: d171 | GG1: d172 | GH1: d173 | GI1: d174 | GJ1: d175 | GK1: d176 | GL1: d177 | GM1: d178 | GN1: d179 | GO1: d180 | GP1: d181 | GQ1: d182 | GR1: d183 | GS1: d184 | GT1: d185 | GU1: d186 | GV1: d187 | GW1: d188 | GX1: d189 | GY1: d190 | GZ1: d191 | HA1: d192 | HB1: d193 | HC1: d194 | HD1: d195 | HE1: d196 | HF1: d197 | HG1: d198 | HH1: d199 | HI1: d200 | HJ1: d201 | HK1: d202 | HL1: d203 | HM1: d204 | HN1: d205 | HO1: d206 | HP1: d207 | HQ1: d208 | HR1: d209 | HS1: d210 | HT1: d211 | HU1: d212 | HV1: d213 | HW1: d214 | HX1: d215 | HY1: d216 | HZ1: d217 | IA1: d218 | IB1: d219 | IC1: d220 | IE1: Date of Freeze -20 | IF1: Remarks | IG1: Status (@2025-11-11) | IH1: Zebrafish box | II1: Remarks
A2: 1 | B2: CL1 | C2: RT1 | D2: DC1 | E2: 45916 | F2: TAB Taiwan 28-11-24 | G2: E7 | H2: NHGRI dissociated cells-11 | I2: NHGRI | J2: No.1_Clone3-NHGRI cell-11 | K2: Frozen | L2: Whole embryo | M2: 0 | N2: 1 | Q2: =SUM(R2:CC2) -> 6 | R2: 1 | S2: 1 | T2: 1 | U2: 1 | V2: 1 | W2: 1 | ID2: 45922 | IE2: alive/abnormal freeze at Day 6 | IF2: Freeze | IG2: -
A3: 2 | B3: CL2 | C3: RT2 | D3: DC2 | E3: 45918 | F3: TAB Taiwan 20-03-25 | G3: E4 | H3: TU dissociated cells-12 | I3: TU | J3: No.2_Clone6-TU cell-12 | K3: Frozen | L3: Whole embryo | M3: 1 | N3: 0 | Q3: =SUM(R3:CC3) -> 7 | R3: 1 | S3: 1 | T3: 1 | U3: 1 | V3: 1 | W3: 1 | X3: 1 | Y3: 0 | ID3: 45926 | IE3: death at day 8 | IF3: Freeze | IG3: -
A4: 3 | B4: CL3 | C4: RT3 | D4: DC3 | E4: 45923 | F4: TAB Taiwan 20-03-25 | G4: E6 | H4: NHGRI dissociated cells-12 | I4: NHGRI | J4: No.3_Clone2-NHGRI cell-12 | K4: Frozen | L4: Whole embryo | M4: 0 | N4: 1 | Q4: =SUM(R4:CC4) -> 7 | R4: 1 | S4: 1 | T4: 1 | U4: 1 | V4: 1 | W4: 1 | X4: 1 | ID4: 45930 | IE4: alive/abnormal freeze at Day 7 | IF4: Freeze | IG4: -
A5: 4 | B5: CL4 | C5: RT3 | D5: DC3 | E5: 45923 | F5: TAB Taiwan 20-03-25 | G5: E6 | H5: NHGRI dissociated cells-12 | I5: NHGRI | J5: No.4_Clone3-NHGRI cell-12 | K5: Frozen | L5: Whole embryo | M5: 0 | N5: 1 | Q5: =SUM(R5:CC5) -> 7 | R5: 1 | S5: 1 | T5: 1 | U5: 1 | V5: 1 | W5: 1 | X5: 1 | ID5: 45930 | IE5: alive/abnormal freeze at Day 7 | IF5: Freeze | IG5: -
A6: 5 | B6: CL5 | C6: RT20 | D6: DC4 | E6: 45926 | F6: TAB Taiwan 20-03-25 | G6: E5 | H6: AB dissociated cells-16 | I6: AB | J6: No.5_Clone1-AB cell-16 | K6: Frozen | L6: Whole embryo | M6: 0 | N6: 1 | Q6: =SUM(R6:CC6) -> 7 | R6: 1 | S6: 1 | T6: 1 | U6: 1 | V6: 1 | W6: 1 | X6: 1 | ID6: 45930 | IE6: alive/abnormal freeze at Day 7 | IF6: Freeze | IG6: -
A7: 6 | B7: CL6 | C7: RT4 | D7: DC4 | E7: 45926 | F7: TAB Taiwan 20-03-25 | G7: E6 | H7: AB dissociated cells-16 | I7: AB | J7: No.6_Clone3-AB cell-16 | K7: Alive | L7: Caudal fin clip | M7: 1 | N7: 0 | O7: M | P7: TRUE | Q7: =SUM(R7:IC7) -> 211 | R7: 1 | S7: 1 | T7: 1 | U7: 1 | V7: 1 | W7: 1 | X7: 1 | Y7: 1 | Z7: 1 | AA7: 1 | AB7: 1 | AC7: 1 | AD7: 1 | AE7: 1 | AF7: 1 | AG7: 1 | AH7: 1 | AI7: 1 | AJ7: 1 | AK7: 1 | AL7: 1 | AM7: 1 | AN7: 1 | AO7: 1 | AP7: 1 | AQ7: 1 | AR7: 1 | AS7: 1 | AT7: 1 | AU7: 1 | AV7: 1 | AW7: 1 | AX7: 1 | AY7: 1 | AZ7: 1 | BA7: 1 | BB7: 1 | BC7: 1 | BD7: 1 | BE7: 1 | BF7: 1 | BG7: 1 | BH7: 1 | BI7: 1 | BJ7: 1 | BK7: 1 | BL7: 1 | BM7: 1 | BN7: 1 | BO7: 1 | BP7: 1 | BQ7: 1 | BR7: 1 | BS7: 1 | BT7: 1 | BU7: 1 | BV7: 1 | BW7: 1 | BX7: 1 | BY7: 1 | BZ7: 1 | CA7: 1 | CB7: 1 | CC7: 1 | CD7: 1 | CE7: 1 | CF7: 1 | CG7: 1 | CH7: 1 | CI7: 1 | CJ7: 1 | CK7: 1 | CL7: 1 | CM7: 1 | CN7: 1 | CO7: 1 | CP7: 1 | CQ7: 1 | CR7: 1 | CS7: 1 | CT7: 1 | CU7: 1 | CV7: 1 | CW7: 1 | CX7: 1 | CY7: 1 | CZ7: 1 | DA7: 1 | DB7: 1 | DC7: 1 | DD7: 1 | DE7: 1 | DF7: 1 | DG7: 1 | DH7: 1 | DI7: 1 | DJ7: 1 | DK7: 1 | DL7: 1 | DM7: 1 | DN7: 1 | DO7: 1 | DP7: 1 | DQ7: 1 | DR7: 1 | DS7: 1 | DT7: 1 | DU7: 1 | DV7: 1 | DW7: 1 | DX7: 1 | DY7: 1 | DZ7: 1 | EA7: 1 | EB7: 1 | EC7: 1 | ED7: 1 | EE7: 1 | EF7: 1 | EG7: 1 | EH7: 1 | EI7: 1 | EJ7: 1 | EK7: 1 | EL7: 1 | EM7: 1 | EN7: 1 | EO7: 1 | EP7: 1 | EQ7: 1 | ER7: 1 | ES7: 1 | ET7: 1 | EU7: 1 | EV7: 1 | EW7: 1 | EX7: 1 | EY7: 1 | EZ7: 1 | FA7: 1 | FB7: 1 | FC7: 1 | FD7: 1 | FE7: 1 | FF7: 1 | FG7: 1 | FH7: 1 | FI7: 1 | FJ7: 1 | FK7: 1 | FL7: 1 | FM7: 1 | FN7: 1 | FO7: 1 | FP7: 1 | FQ7: 1 | FR7: 1 | FS7: 1 | FT7: 1 | FU7: 1 | FV7: 1 | FW7: 1 | FX7: 1 | FY7: 1 | FZ7: 1 | GA7: 1 | GB7: 1 | GC7: 1 | GD7: 1 | GE7: 1 | GF7: 1 | GG7: 1 | GH7: 1 | GI7: 1 | GJ7: 1 | GK7: 1 | GL7: 1 | GM7: 1 | GN7: 1 | GO7: 1 | GP7: 1 | GQ7: 1 | GR7: 1 | GS7: 1 | GT7: 1 | GU7: 1 | GV7: 1 | GW7: 1 | GX7: 1 | GY7: 1 | GZ7: 1 | HA7: 1 | HB7: 1 | HC7: 1 | HD7: 1 | HE7: 1 | HF7: 1 | HG7: 1 | HH7: 1 | HI7: 1 | HJ7: 1 | HK7: 1 | HL7: 1 | HM7: 1 | HN7: 1 | HO7: 1 | HP7: 1 | HQ7: 1 | HR7: 1 | HS7: 1 | HT7: 1 | ID7: Alive | IE7: Normal alive at fish room 2025-09-29 | IF7: Day 46 | IG7: 1
A8: 7 | B8: CL7 | C8: RT4 | D8: DC4 | E8: 45926 | F8: TAB Taiwan 20-03-25 | G8: E6 | H8: AB dissociated cells-16 | I8: AB | J8: No.7_Clone5-AB cell-16 | K8: Frozen | L8: Whole embryo | M8: 0 | N8: 1 | Q8: =SUM(R8:CC8) -> 4 | R8: 1 | S8: 1 | T8: 1 | U8: 1 | ID8: 45930 | IE8: alive/abnormal freeze at Day 4 | IF8: Freeze | IG8: -
A9: 8 | B9: CL8 | C9: RT5 | D9: DC5 | E9: 45932 | F9: TAB Taiwan 20-03-25 | G9: E6 | H9: NHGRI dissociated cells-13 | I9: NHGRI | J9: No.8_Clone5-NHGRI cell-13 | K9: Frozen | L9: Whole embryo | M9: 0 | N9: 1 | Q9: =SUM(R9:CC9) -> 4 | R9: 1 | S9: 1 | T9: 1 | U9: 1 | ID9: 45932 | IE9: alive/abnormal freeze at Day 4 | IF9: Freeze | IG9: -
A10: 9 | C10: RT6 | D10: DC6 | E10: 45933 | F10: TAB Taiwan 20-03-25 | G10: E3 | H10: AB dissociated cells-17 | I10: AB | J10: No.9_Clone4-AB cell-17 | K10: Discarded | M10: 0 | N10: 1 | P10: FALSE | Q10: =SUM(R10:CC10) -> 5 | R10: 1 | S10: 1 | T10: 1 | U10: 1 | V10: 1 | ID10: - | IE10: Alive abnormal/degenerate | IF10: Disscard | IG10: -
A11: 10 | B11: CL9 | C11: RT6 | D11: DC6 | E11: 45933 | F11: TAB Taiwan 20-03-25 | G11: E3 | H11: AB dissociated cells-17 | I11: AB | J11: No.10_Clone4-AB cell-17 | K11: Frozen | L11: Whole embryo | M11: 0 | N11: 1 | Q11: =SUM(R11:CC11) -> 10 | R11: 1 | S11: 1 | T11: 1 | U11: 1 | V11: 1 | W11: 1 | X11: 1 | Y11: 1 | Z11: 1 | AA11: 1 | ID11: 45940 | IE11: alive/abnormal freeze at Day 7 | IF11: Freeze | IG11: -
A12: 11 | B12: CL10 | C12: RT6 | D12: DC6 | E12: 45933 | F12: TAB Taiwan 20-03-25 | G12: E3 | H12: AB dissociated cells-17 | I12: AB | J12: No.11_Clone4-AB cell-17 | K12: Alive | L12: Caudal fin clip | M12: 1 | N12: 0 | O12: M | P12: TRUE | Q12: =SUM(R12:IC12) -> 204 | R12: 1 | S12: 1 | T12: 1 | U12: 1 | V12: 1 | W12: 1 | X12: 1 | Y12: 1 | Z12: 1 | AA12: 1 | AB12: 1 | AC12: 1 | AD12: 1 | AE12: 1 | AF12: 1 | AG12: 1 | AH12: 1 | AI12: 1 | AJ12: 1 | AK12: 1 | AL12: 1 | AM12: 1 | AN12: 1 | AO12: 1 | AP12: 1 | AQ12: 1 | AR12: 1 | AS12: 1 | AT12: 1 | AU12: 1 | AV12: 1 | AW12: 1 | AX12: 1 | AY12: 1 | AZ12: 1 | BA12: 1 | BB12: 1 | BC12: 1 | BD12: 1 | BE12: 1 | BF12: 1 | BG12: 1 | BH12: 1 | BI12: 1 | BJ12: 1 | BK12: 1 | BL12: 1 | BM12: 1 | BN12: 1 | BO12: 1 | BP12: 1 | BQ12: 1 | BR12: 1 | BS12: 1 | BT12: 1 | BU12: 1 | BV12: 1 | BW12: 1 | BX12: 1 | BY12: 1 | BZ12: 1 | CA12: 1 | CB12: 1 | CC12: 1 | CD12: 1 | CE12: 1 | CF12: 1 | CG12: 1 | CH12: 1 | CI12: 1 | CJ12: 1 | CK12: 1 | CL12: 1 | CM12: 1 | CN12: 1 | CO12: 1 | CP12: 1 | CQ12: 1 | CR12: 1 | CS12: 1 | CT12: 1 | CU12: 1 | CV12: 1 | CW12: 1 | CX12: 1 | CY12: 1 | CZ12: 1 | DA12: 1 | DB12: 1 | DC12: 1 | DD12: 1 | DE12: 1 | DF12: 1 | DG12: 1 | DH12: 1 | DI12: 1 | DJ12: 1 | DK12: 1 | DL12: 1 | DM12: 1 | DN12: 1 | DO12: 1 | DP12: 1 | DQ12: 1 | DR12: 1 | DS12: 1 | DT12: 1 | DU12: 1 | DV12: 1 | DW12: 1 | DX12: 1 | DY12: 1 | DZ12: 1 | EA12: 1 | EB12: 1 | EC12: 1 | ED12: 1 | EE12: 1 | EF12: 1 | EG12: 1 | EH12: 1 | EI12: 1 | EJ12: 1 | EK12: 1 | EL12: 1 | EM12: 1 | EN12: 1 | EO12: 1 | EP12: 1 | EQ12: 1 | ER12: 1 | ES12: 1 | ET12: 1 | EU12: 1 | EV12: 1 | EW12: 1 | EX12: 1 | EY12: 1 | EZ12: 1 | FA12: 1 | FB12: 1 | FC12: 1 | FD12: 1 | FE12: 1 | FF12: 1 | FG12: 1 | FH12: 1 | FI12: 1 | FJ12: 1 | FK12: 1 | FL12: 1 | FM12: 1 | FN12: 1 | FO12: 1 | FP12: 1 | FQ12: 1 | FR12: 1 | FS12: 1 | FT12: 1 | FU12: 1 | FV12: 1 | FW12: 1 | FX12: 1 | FY12: 1 | FZ12: 1 | GA12: 1 | GB12: 1 | GC12: 1 | GD12: 1 | GE12: 1 | GF12: 1 | GG12: 1 | GH12: 1 | GI12: 1 | GJ12: 1 | GK12: 1 | GL12: 1 | GM12: 1 | GN12: 1 | GO12: 1 | GP12: 1 | GQ12: 1 | GR12: 1 | GS12: 1 | GT12: 1 | GU12: 1 | GV12: 1 | GW12: 1 | GX12: 1 | GY12: 1 | GZ12: 1 | HA12: 1 | HB12: 1 | HC12: 1 | HD12: 1 | HE12: 1 | HF12: 1 | HG12: 1 | HH12: 1 | HI12: 1 | HJ12: 1 | HK12: 1 | HL12: 1 | HM12: 1 | ID12: Alive | IE12: Alive normal / fish room | IF12: Day 39 | IG12: 2
A13: 12 | B13: CL11 | C13: RT7 | D13: DC7 | E13: 45937 | F13: TAB Taiwan 20-03-25 | G13: E4 | H13: TU dissociated cells-13 | I13: TU | J13: No.12_Clone2-TU cell-13 | K13: Frozen | L13: Whole embryo | M13: 0 | N13: 1 | Q13: =SUM(R13:CC13) -> 3 | R13: 1 | S13: 1 | T13: 1 | ID13: 45940 | IE13: alive/abnormal freeze at Day 3 | IF13: Freeze | IG13: -
A14: 13 | B14: CL12 | C14: RT7 | D14: DC7 | E14: 45937 | F14: TAB Taiwan 20-03-25 | G14: E4 | H14: TU dissociated cells-13 | I14: TU | J14: No.13_Clone5-TU cell-13 | K14: Frozen | L14: Whole embryo | M14: 0 | N14: 1 | Q14: =SUM(R14:CC14) -> 3 | R14: 1 | S14: 1 | T14: 1 | ID14: 45940 | IE14: alive/abnormal freeze at Day 3 | IF14: Freeze | IG14: -
A15: 14 | B15: CL30 | C15: RT8 | D15: DC8 | E15: 45940 | F15: TAB Taiwan 20-03-25 | G15: E5 | H15: NHGRI dissociated cells-14 | I15: NHGRI | J15: No.14_Clone4-NHGRI-14 | K15: Frozen | L15: Caudal fin clip | M15: 1 | N15: 0 | O15: F | P15: FALSE | Q15: =SUM(R15:GS15) -> 183 | R15: 1 | S15: 1 | T15: 1 | U15: 1 | V15: 1 | W15: 1 | X15: 1 | Y15: 1 | Z15: 1 | AA15: 1 | AB15: 1 | AC15: 1 | AD15: 1 | AE15: 1 | AF15: 1 | AG15: 1 | AH15: 1 | AI15: 1 | AJ15: 1 | AK15: 1 | AL15: 1 | AM15: 1 | AN15: 1 | AO15: 1 | AP15: 1 | AQ15: 1 | AR15: 1 | AS15: 1 | AT15: 1 | AU15: 1 | AV15: 1 | AW15: 1 | AX15: 1 | AY15: 1 | AZ15: 1 | BA15: 1 | BB15: 1 | BC15: 1 | BD15: 1 | BE15: 1 | BF15: 1 | BG15: 1 | BH15: 1 | BI15: 1 | BJ15: 1 | BK15: 1 | BL15: 1 | BM15: 1 | BN15: 1 | BO15: 1 | BP15: 1 | BQ15: 1 | BR15: 1 | BS15: 1 | BT15: 1 | BU15: 1 | BV15: 1 | BW15: 1 | BX15: 1 | BY15: 1 | BZ15: 1 | CA15: 1 | CB15: 1 | CC15: 1 | CD15: 1 | CE15: 1 | CF15: 1 | CG15: 1 | CH15: 1 | CI15: 1 | CJ15: 1 | CK15: 1 | CL15: 1 | CM15: 1 | CN15: 1 | CO15: 1 | CP15: 1 | CQ15: 1 | CR15: 1 | CS15: 1 | CT15: 1 | CU15: 1 | CV15: 1 | CW15: 1 | CX15: 1 | CY15: 1 | CZ15: 1 | DA15: 1 | DB15: 1 | DC15: 1 | DD15: 1 | DE15: 1 | DF15: 1 | DG15: 1 | DH15: 1 | DI15: 1 | DJ15: 1 | DK15: 1 | DL15: 1 | DM15: 1 | DN15: 1 | DO15: 1 | DP15: 1 | DQ15: 1 | DR15: 1 | DS15: 1 | DT15: 1 | DU15: 1 | DV15: 1 | DW15: 1 | DX15: 1 | DY15: 1 | DZ15: 1 | EA15: 1 | EB15: 1 | EC15: 1 | ED15: 1 | EE15: 1 | EF15: 1 | EG15: 1 | EH15: 1 | EI15: 1 | EJ15: 1 | EK15: 1 | EL15: 1 | EM15: 1 | EN15: 1 | EO15: 1 | EP15: 1 | EQ15: 1 | ER15: 1 | ES15: 1 | ET15: 1 | EU15: 1 | EV15: 1 | EW15: 1 | EX15: 1 | EY15: 1 | EZ15: 1 | FA15: 1 | FB15: 1 | FC15: 1 | FD15: 1 | FE15: 1 | FF15: 1 | FG15: 1 | FH15: 1 | FI15: 1 | FJ15: 1 | FK15: 1 | FL15: 1 | FM15: 1 | FN15: 1 | FO15: 1 | FP15: 1 | FQ15: 1 | FR15: 1 | FS15: 1 | FT15: 1 | FU15: 1 | FV15: 1 | FW15: 1 | FX15: 1 | FY15: 1 | FZ15: 1 | GA15: 1 | GB15: 1 | GC15: 1 | GD15: 1 | GE15: 1 | GF15: 1 | GG15: 1 | GH15: 1 | GI15: 1 | GJ15: 1 | GK15: 1 | GL15: 1 | GM15: 1 | GN15: 1 | GO15: 1 | GP15: 1 | GQ15: 1 | GR15: 1 | ID15: Alive | IE15: Normal alive at fish room 2025-10-13 | IF15: Day 32 | IG15: 3
A16: 15 | B16: CL13 | C16: RT9 | D16: DC9 | E16: 45944 | F16: TAB Taiwan 20-03-25 | G16: E6 | H16: AB dissociated cells-18 | I16: AB | J16: No.15_Clone5-AB cell-18 | K16: Frozen | L16: Whole embryo | M16: 0 | N16: 1 | Q16: =SUM(R16:CC16) -> 3 | R16: 1 | S16: 1 | T16: 1 | ID16: 45947 | IE16: alive/abnormal freeze at Day 3 | IF16: Freeze | IG16: -
A17: 16 | B17: CL14 | C17: RT9 | D17: DC9 | E17: 45944 | F17: TAB Taiwan 20-03-25 | G17: E6 | H17: AB dissociated cells-18 | I17: AB | J17: No.16_Clone6-AB cell-18 | K17: Frozen | L17: Whole embryo | M17: 0 | N17: 1 | Q17: =SUM(R17:CC17) -> 3 | R17: 1 | S17: 1 | T17: 1 | ID17: 45947 | IE17: alive/abnormal freeze at Day 3 | IF17: Freeze | IG17: -
A18: 17 | B18: CL15 | C18: RT10 | D18: DC10 | E18: 45946 | F18: TAB Taiwan 20-03-25 | G18: E5 | H18: NHGRI Chunks cells-1 | I18: NHGRI | J18: No.17_Clone3-NHGRI cell-01 | K18: Frozen | L18: Whole embryo | M18: 0 | N18: 1 | Q18: =SUM(R18:CC18) -> 5 | R18: 1 | S18: 1 | T18: 1 | U18: 1 | V18: 1 | ID18: 45951 | IE18: alive/abnormal freeze at Day 5 | IF18: Freeze | IG18: -
A19: 18 | C19: RT18 | D19: DC12 | E19: 45950 | F19: TAB Taiwan 20-03-25 | G19: E7 | H19: NHGRI dissociated cells-15 | I19: NHGRI | J19: No.18_Clone3-NHGRI cell-15 | K19: Discarded | M19: 1 | N19: 0 | P19: FALSE | Q19: =SUM(R19:CC19) -> 8 | R19: 1 | S19: 1 | T19: 1 | U19: 1 | V19: 1 | W19: 1 | X19: 1 | Y19: 1 | ID19: Alive | IE19: Alive normal | IF19: Day 22 | IG19: 4 | IH19: Box-4 There were 5 fish. One died, so 4 are left.
A20: 19 | B20: CL16 | C20: RT18 | D20: DC12 | E20: 45950 | F20: TAB Taiwan 20-03-25 | G20: E7 | H20: NHGRI dissociated cells-15 | I20: NHGRI | J20: No.19_Clone1-NHGRI cell-15 | K20: Alive | L20: Caudal fin clip | M20: 1 | N20: 0 | O20: M | P20: TRUE | Q20: =SUM(R20:GO20) -> 180 | R20: 1 | S20: 1 | T20: 1 | U20: 1 | V20: 1 | W20: 1 | X20: 1 | Y20: 1 | Z20: 1 | AA20: 1 | AB20: 1 | AC20: 1 | AD20: 1 | AE20: 1 | AF20: 1 | AG20: 1 | AH20: 1 | AI20: 1 | AJ20: 1 | AK20: 1 | AL20: 1 | AM20: 1 | AN20: 1 | AO20: 1 | AP20: 1 | AQ20: 1 | AR20: 1 | AS20: 1 | AT20: 1 | AU20: 1 | AV20: 1 | AW20: 1 | AX20: 1 | AY20: 1 | AZ20: 1 | BA20: 1 | BB20: 1 | BC20: 1 | BD20: 1 | BE20: 1 | BF20: 1 | BG20: 1 | BH20: 1 | BI20: 1 | BJ20: 1 | BK20: 1 | BL20: 1 | BM20: 1 | BN20: 1 | BO20: 1 | BP20: 1 | BQ20: 1 | BR20: 1 | BS20: 1 | BT20: 1 | BU20: 1 | BV20: 1 | BW20: 1 | BX20: 1 | BY20: 1 | BZ20: 1 | CA20: 1 | CB20: 1 | CC20: 1 | CD20: 1 | CE20: 1 | CF20: 1 | CG20: 1 | CH20: 1 | CI20: 1 | CJ20: 1 | CK20: 1 | CL20: 1 | CM20: 1 | CN20: 1 | CO20: 1 | CP20: 1 | CQ20: 1 | CR20: 1 | CS20: 1 | CT20: 1 | CU20: 1 | CV20: 1 | CW20: 1 | CX20: 1 | CY20: 1 | CZ20: 1 | DA20: 1 | DB20: 1 | DC20: 1 | DD20: 1 | DE20: 1 | DF20: 1 | DG20: 1 | DH20: 1 | DI20: 1 | DJ20: 1 | DK20: 1 | DL20: 1 | DM20: 1 | DN20: 1 | DO20: 1 | DP20: 1 | DQ20: 1 | DR20: 1 | DS20: 1 | DT20: 1 | DU20: 1 | DV20: 1 | DW20: 1 | DX20: 1 | DY20: 1 | DZ20: 1 | EA20: 1 | EB20: 1 | EC20: 1 | ED20: 1 | EE20: 1 | EF20: 1 | EG20: 1 | EH20: 1 | EI20: 1 | EJ20: 1 | EK20: 1 | EL20: 1 | EM20: 1 | EN20: 1 | EO20: 1 | EP20: 1 | EQ20: 1 | ER20: 1 | ES20: 1 | ET20: 1 | EU20: 1 | EV20: 1 | EW20: 1 | EX20: 1 | EY20: 1 | EZ20: 1 | FA20: 1 | FB20: 1 | FC20: 1 | FD20: 1 | FE20: 1 | FF20: 1 | FG20: 1 | FH20: 1 | FI20: 1 | FJ20: 1 | FK20: 1 | FL20: 1 | FM20: 1 | FN20: 1 | FO20: 1 | FP20: 1 | FQ20: 1 | FR20: 1 | FS20: 1 | FT20: 1 | FU20: 1 | FV20: 1 | FW20: 1 | FX20: 1 | FY20: 1 | FZ20: 1 | GA20: 1 | GB20: 1 | GC20: 1 | GD20: 1 | GE20: 1 | GF20: 1 | GG20: 1 | GH20: 1 | GI20: 1 | GJ20: 1 | GK20: 1 | GL20: 1 | GM20: 1 | GN20: 1 | GO20: 1 | GP20: 1 | GQ20: 1 | GR20: 1 | GS20: 1 | GT20: 1 | GU20: 1 | GV20: 1 | ID20: Alive | IE20: Alive normal | IF20: Day 22 | IG20: 4
A21: 20 | B21: CL17 | C21: RT18 | D21: DC12 | E21: 45950 | F21: TAB Taiwan 20-03-25 | G21: E7 | H21: NHGRI dissociated cells-15 | I21: NHGRI | J21: No.20_Clone1-NHGRI cell-15 | K21: Alive | L21: Caudal fin clip | M21: 1 | N21: 0 | O21: M | P21: TRUE | Q21: =SUM(R21:GO21) -> 180 | R21: 1 | S21: 1 | T21: 1 | U21: 1 | V21: 1 | W21: 1 | X21: 1 | Y21: 1 | Z21: 1 | AA21: 1 | AB21: 1 | AC21: 1 | AD21: 1 | AE21: 1 | AF21: 1 | AG21: 1 | AH21: 1 | AI21: 1 | AJ21: 1 | AK21: 1 | AL21: 1 | AM21: 1 | AN21: 1 | AO21: 1 | AP21: 1 | AQ21: 1 | AR21: 1 | AS21: 1 | AT21: 1 | AU21: 1 | AV21: 1 | AW21: 1 | AX21: 1 | AY21: 1 | AZ21: 1 | BA21: 1 | BB21: 1 | BC21: 1 | BD21: 1 | BE21: 1 | BF21: 1 | BG21: 1 | BH21: 1 | BI21: 1 | BJ21: 1 | BK21: 1 | BL21: 1 | BM21: 1 | BN21: 1 | BO21: 1 | BP21: 1 | BQ21: 1 | BR21: 1 | BS21: 1 | BT21: 1 | BU21: 1 | BV21: 1 | BW21: 1 | BX21: 1 | BY21: 1 | BZ21: 1 | CA21: 1 | CB21: 1 | CC21: 1 | CD21: 1 | CE21: 1 | CF21: 1 | CG21: 1 | CH21: 1 | CI21: 1 | CJ21: 1 | CK21: 1 | CL21: 1 | CM21: 1 | CN21: 1 | CO21: 1 | CP21: 1 | CQ21: 1 | CR21: 1 | CS21: 1 | CT21: 1 | CU21: 1 | CV21: 1 | CW21: 1 | CX21: 1 | CY21: 1 | CZ21: 1 | DA21: 1 | DB21: 1 | DC21: 1 | DD21: 1 | DE21: 1 | DF21: 1 | DG21: 1 | DH21: 1 | DI21: 1 | DJ21: 1 | DK21: 1 | DL21: 1 | DM21: 1 | DN21: 1 | DO21: 1 | DP21: 1 | DQ21: 1 | DR21: 1 | DS21: 1 | DT21: 1 | DU21: 1 | DV21: 1 | DW21: 1 | DX21: 1 | DY21: 1 | DZ21: 1 | EA21: 1 | EB21: 1 | EC21: 1 | ED21: 1 | EE21: 1 | EF21: 1 | EG21: 1 | EH21: 1 | EI21: 1 | EJ21: 1 | EK21: 1 | EL21: 1 | EM21: 1 | EN21: 1 | EO21: 1 | EP21: 1 | EQ21: 1 | ER21: 1 | ES21: 1 | ET21: 1 | EU21: 1 | EV21: 1 | EW21: 1 | EX21: 1 | EY21: 1 | EZ21: 1 | FA21: 1 | FB21: 1 | FC21: 1 | FD21: 1 | FE21: 1 | FF21: 1 | FG21: 1 | FH21: 1 | FI21: 1 | FJ21: 1 | FK21: 1 | FL21: 1 | FM21: 1 | FN21: 1 | FO21: 1 | FP21: 1 | FQ21: 1 | FR21: 1 | FS21: 1 | FT21: 1 | FU21: 1 | FV21: 1 | FW21: 1 | FX21: 1 | FY21: 1 | FZ21: 1 | GA21: 1 | GB21: 1 | GC21: 1 | GD21: 1 | GE21: 1 | GF21: 1 | GG21: 1 | GH21: 1 | GI21: 1 | GJ21: 1 | GK21: 1 | GL21: 1 | GM21: 1 | GN21: 1 | GO21: 1 | GP21: 1 | GQ21: 1 | GR21: 1 | GS21: 1 | GT21: 1 | GU21: 1 | GV21: 1 | ID21: Alive | IE21: Alive normal | IF21: Day 22 | IG21: 4
A22: 21 | B22: CL18 | C22: RT18 | D22: DC12 | E22: 45950 | F22: TAB Taiwan 20-03-25 | G22: E7 | H22: NHGRI dissociated cells-15 | I22: NHGRI | J22: No.21_Clone4-NHGRI cell-15 | K22: Alive | L22: Caudal fin clip | M22: 1 | N22: 0 | O22: M | P22: TRUE | Q22: =SUM(R22:GO22) -> 180 | R22: 1 | S22: 1 | T22: 1 | U22: 1 | V22: 1 | W22: 1 | X22: 1 | Y22: 1 | Z22: 1 | AA22: 1 | AB22: 1 | AC22: 1 | AD22: 1 | AE22: 1 | AF22: 1 | AG22: 1 | AH22: 1 | AI22: 1 | AJ22: 1 | AK22: 1 | AL22: 1 | AM22: 1 | AN22: 1 | AO22: 1 | AP22: 1 | AQ22: 1 | AR22: 1 | AS22: 1 | AT22: 1 | AU22: 1 | AV22: 1 | AW22: 1 | AX22: 1 | AY22: 1 | AZ22: 1 | BA22: 1 | BB22: 1 | BC22: 1 | BD22: 1 | BE22: 1 | BF22: 1 | BG22: 1 | BH22: 1 | BI22: 1 | BJ22: 1 | BK22: 1 | BL22: 1 | BM22: 1 | BN22: 1 | BO22: 1 | BP22: 1 | BQ22: 1 | BR22: 1 | BS22: 1 | BT22: 1 | BU22: 1 | BV22: 1 | BW22: 1 | BX22: 1 | BY22: 1 | BZ22: 1 | CA22: 1 | CB22: 1 | CC22: 1 | CD22: 1 | CE22: 1 | CF22: 1 | CG22: 1 | CH22: 1 | CI22: 1 | CJ22: 1 | CK22: 1 | CL22: 1 | CM22: 1 | CN22: 1 | CO22: 1 | CP22: 1 | CQ22: 1 | CR22: 1 | CS22: 1 | CT22: 1 | CU22: 1 | CV22: 1 | CW22: 1 | CX22: 1 | CY22: 1 | CZ22: 1 | DA22: 1 | DB22: 1 | DC22: 1 | DD22: 1 | DE22: 1 | DF22: 1 | DG22: 1 | DH22: 1 | DI22: 1 | DJ22: 1 | DK22: 1 | DL22: 1 | DM22: 1 | DN22: 1 | DO22: 1 | DP22: 1 | DQ22: 1 | DR22: 1 | DS22: 1 | DT22: 1 | DU22: 1 | DV22: 1 | DW22: 1 | DX22: 1 | DY22: 1 | DZ22: 1 | EA22: 1 | EB22: 1 | EC22: 1 | ED22: 1 | EE22: 1 | EF22: 1 | EG22: 1 | EH22: 1 | EI22: 1 | EJ22: 1 | EK22: 1 | EL22: 1 | EM22: 1 | EN22: 1 | EO22: 1 | EP22: 1 | EQ22: 1 | ER22: 1 | ES22: 1 | ET22: 1 | EU22: 1 | EV22: 1 | EW22: 1 | EX22: 1 | EY22: 1 | EZ22: 1 | FA22: 1 | FB22: 1 | FC22: 1 | FD22: 1 | FE22: 1 | FF22: 1 | FG22: 1 | FH22: 1 | FI22: 1 | FJ22: 1 | FK22: 1 | FL22: 1 | FM22: 1 | FN22: 1 | FO22: 1 | FP22: 1 | FQ22: 1 | FR22: 1 | FS22: 1 | FT22: 1 | FU22: 1 | FV22: 1 | FW22: 1 | FX22: 1 | FY22: 1 | FZ22: 1 | GA22: 1 | GB22: 1 | GC22: 1 | GD22: 1 | GE22: 1 | GF22: 1 | GG22: 1 | GH22: 1 | GI22: 1 | GJ22: 1 | GK22: 1 | GL22: 1 | GM22: 1 | GN22: 1 | GO22: 1 | GP22: 1 | GQ22: 1 | GR22: 1 | GS22: 1 | GT22: 1 | GU22: 1 | GV22: 1 | ID22: Alive | IE22: Alive normal | IF22: Day 22 | IG22: 4
A23: 22 | B23: CL19 | C23: RT11 | D23: DC12 | E23: 45950 | F23: TAB Taiwan 20-03-25 | G23: E5 | H23: NHGRI dissociated cells-15 | I23: NHGRI | J23: No.22_Clone5-NHGRI cell-15 | K23: Frozen | L23: Whole embryo | M23: 0 | N23: 1 | Q23: =SUM(R23:CC23) -> 3 | R23: 1 | S23: 1 | T23: 1 | ID23: 45953 | IE23: Abnormal,short-tailed zebrafish | IF23: Freeze | IG23: -
A24: 23 | B24: CL20 | C24: RT18 | D24: DC12 | E24: 45950 | F24: TAB Taiwan 20-03-25 | G24: E7 | H24: NHGRI dissociated cells-15 | I24: NHGRI | J24: No.23_Clone1-NHGRI cell-15 | K24: Alive | L24: Caudal fin clip | M24: 1 | N24: 0 | O24: F | P24: TRUE | Q24: =SUM(R24:GO24) -> 180 | R24: 1 | S24: 1 | T24: 1 | U24: 1 | V24: 1 | W24: 1 | X24: 1 | Y24: 1 | Z24: 1 | AA24: 1 | AB24: 1 | AC24: 1 | AD24: 1 | AE24: 1 | AF24: 1 | AG24: 1 | AH24: 1 | AI24: 1 | AJ24: 1 | AK24: 1 | AL24: 1 | AM24: 1 | AN24: 1 | AO24: 1 | AP24: 1 | AQ24: 1 | AR24: 1 | AS24: 1 | AT24: 1 | AU24: 1 | AV24: 1 | AW24: 1 | AX24: 1 | AY24: 1 | AZ24: 1 | BA24: 1 | BB24: 1 | BC24: 1 | BD24: 1 | BE24: 1 | BF24: 1 | BG24: 1 | BH24: 1 | BI24: 1 | BJ24: 1 | BK24: 1 | BL24: 1 | BM24: 1 | BN24: 1 | BO24: 1 | BP24: 1 | BQ24: 1 | BR24: 1 | BS24: 1 | BT24: 1 | BU24: 1 | BV24: 1 | BW24: 1 | BX24: 1 | BY24: 1 | BZ24: 1 | CA24: 1 | CB24: 1 | CC24: 1 | CD24: 1 | CE24: 1 | CF24: 1 | CG24: 1 | CH24: 1 | CI24: 1 | CJ24: 1 | CK24: 1 | CL24: 1 | CM24: 1 | CN24: 1 | CO24: 1 | CP24: 1 | CQ24: 1 | CR24: 1 | CS24: 1 | CT24: 1 | CU24: 1 | CV24: 1 | CW24: 1 | CX24: 1 | CY24: 1 | CZ24: 1 | DA24: 1 | DB24: 1 | DC24: 1 | DD24: 1 | DE24: 1 | DF24: 1 | DG24: 1 | DH24: 1 | DI24: 1 | DJ24: 1 | DK24: 1 | DL24: 1 | DM24: 1 | DN24: 1 | DO24: 1 | DP24: 1 | DQ24: 1 | DR24: 1 | DS24: 1 | DT24: 1 | DU24: 1 | DV24: 1 | DW24: 1 | DX24: 1 | DY24: 1 | DZ24: 1 | EA24: 1 | EB24: 1 | EC24: 1 | ED24: 1 | EE24: 1 | EF24: 1 | EG24: 1 | EH24: 1 | EI24: 1 | EJ24: 1 | EK24: 1 | EL24: 1 | EM24: 1 | EN24: 1 | EO24: 1 | EP24: 1 | EQ24: 1 | ER24: 1 | ES24: 1 | ET24: 1 | EU24: 1 | EV24: 1 | EW24: 1 | EX24: 1 | EY24: 1 | EZ24: 1 | FA24: 1 | FB24: 1 | FC24: 1 | FD24: 1 | FE24: 1 | FF24: 1 | FG24: 1 | FH24: 1 | FI24: 1 | FJ24: 1 | FK24: 1 | FL24: 1 | FM24: 1 | FN24: 1 | FO24: 1 | FP24: 1 | FQ24: 1 | FR24: 1 | FS24: 1 | FT24: 1 | FU24: 1 | FV24: 1 | FW24: 1 | FX24: 1 | FY24: 1 | FZ24: 1 | GA24: 1 | GB24: 1 | GC24: 1 | GD24: 1 | GE24: 1 | GF24: 1 | GG24: 1 | GH24: 1 | GI24: 1 | GJ24: 1 | GK24: 1 | GL24: 1 | GM24: 1 | GN24: 1 | GO24: 1 | GP24: 1 | GQ24: 1 | GR24: 1 | GS24: 1 | GT24: 1 | GU24: 1 | GV24: 1 | ID24: Alive | IE24: Alive normal | IF24: Day 22 | IG24: 4
A25: 24 | C25: RT12 | D25: DC13 | E25: 45952 | F25: TAB Taiwan 20-03-25 | G25: E2 | H25: AB dissociated cells-19 | I25: AB | J25: No.24_Clone6-AB cell-19 | K25: Discarded | M25: 1 | N25: 0 | P25: FALSE | Q25: =SUM(R25:CC25) -> 7 | R25: 1 | S25: 1 | T25: 1 | U25: 1 | V25: 1 | W25: 1 | X25: 1 | Y25: 0 | ID25: - | IE25: Alive abnormal/ degenerate at day 8 | IF25: Disscard | IG25: -
A26: 25 | B26: CL21 | C26: RT19 | D26: DC14 | E26: 45960 | F26: TAB Taiwan 20-03-25 | G26: E3 | H26: TU Chunks cells-01 | I26: TU | J26: No.25_Clone7-TU cell-01 | K26: Alive | L26: Caudal fin clip | M26: 1 | N26: 0 | O26: M | P26: TRUE | Q26: =SUM(R26:IC26) -> 177 | R26: 1 | S26: 1 | T26: 1 | U26: 1 | V26: 1 | W26: 1 | X26: 1 | Y26: 1 | Z26: 1 | AA26: 1 | AB26: 1 | AC26: 1 | AD26: 1 | AE26: 1 | AF26: 1 | AG26: 1 | AH26: 1 | AI26: 1 | AJ26: 1 | AK26: 1 | AL26: 1 | AM26: 1 | AN26: 1 | AO26: 1 | AP26: 1 | AQ26: 1 | AR26: 1 | AS26: 1 | AT26: 1 | AU26: 1 | AV26: 1 | AW26: 1 | AX26: 1 | AY26: 1 | AZ26: 1 | BA26: 1 | BB26: 1 | BC26: 1 | BD26: 1 | BE26: 1 | BF26: 1 | BG26: 1 | BH26: 1 | BI26: 1 | BJ26: 1 | BK26: 1 | BL26: 1 | BM26: 1 | BN26: 1 | BO26: 1 | BP26: 1 | BQ26: 1 | BR26: 1 | BS26: 1 | BT26: 1 | BU26: 1 | BV26: 1 | BW26: 1 | BX26: 1 | BY26: 1 | BZ26: 1 | CA26: 1 | CB26: 1 | CC26: 1 | CD26: 1 | CE26: 1 | CF26: 1 | CG26: 1 | CH26: 1 | CI26: 1 | CJ26: 1 | CK26: 1 | CL26: 1 | CM26: 1 | CN26: 1 | CO26: 1 | CP26: 1 | CQ26: 1 | CR26: 1 | CS26: 1 | CT26: 1 | CU26: 1 | CV26: 1 | CW26: 1 | CX26: 1 | CY26: 1 | CZ26: 1 | DA26: 1 | DB26: 1 | DC26: 1 | DD26: 1 | DE26: 1 | DF26: 1 | DG26: 1 | DH26: 1 | DI26: 1 | DJ26: 1 | DK26: 1 | DL26: 1 | DM26: 1 | DN26: 1 | DO26: 1 | DP26: 1 | DQ26: 1 | DR26: 1 | DS26: 1 | DT26: 1 | DU26: 1 | DV26: 1 | DW26: 1 | DX26: 1 | DY26: 1 | DZ26: 1 | EA26: 1 | EB26: 1 | EC26: 1 | ED26: 1 | EE26: 1 | EF26: 1 | EG26: 1 | EH26: 1 | EI26: 1 | EJ26: 1 | EK26: 1 | EL26: 1 | EM26: 1 | EN26: 1 | EO26: 1 | EP26: 1 | EQ26: 1 | ER26: 1 | ES26: 1 | ET26: 1 | EU26: 1 | EV26: 1 | EW26: 1 | EX26: 1 | EY26: 1 | EZ26: 1 | FA26: 1 | FB26: 1 | FC26: 1 | FD26: 1 | FE26: 1 | FF26: 1 | FG26: 1 | FH26: 1 | FI26: 1 | FJ26: 1 | FK26: 1 | FL26: 1 | FM26: 1 | FN26: 1 | FO26: 1 | FP26: 1 | FQ26: 1 | FR26: 1 | FS26: 1 | FT26: 1 | FU26: 1 | FV26: 1 | FW26: 1 | FX26: 1 | FY26: 1 | FZ26: 1 | GA26: 1 | GB26: 1 | GC26: 1 | GD26: 1 | GE26: 1 | GF26: 1 | GG26: 1 | GH26: 1 | GI26: 1 | GJ26: 1 | GK26: 1 | GL26: 1 | ID26: Alive | IE26: Alive normal | IF26: Day 12 | IG26: 5
A27: 26 | B27: CL22 | C27: RT19 | D27: DC15 | E27: 45964 | F27: TAB Taiwan 20-03-25 | G27: E3 | H27: TU Chunks cells-02 | I27: TU | J27: No.26_Clone4-TU cell-02 | K27: Frozen | L27: Whole embryo | M27: 0 | N27: 1 | Q27: =SUM(R27:CC27) -> 6 | R27: 1 | S27: 1 | T27: 1 | U27: 1 | V27: 1 | W27: 1 | ID27: 45970 | IE27: alive/abnormal freeze at Day 6 | IF27: Freeze | IG27: -
A28: 27 | C28: RT19 | D28: DC15 | E28: 45964 | F28: TAB Taiwan 20-03-25 | G28: E3 | H28: TU Chunks cells-02 | I28: TU | J28: No.27_Clone1-TU cell-02 | K28: Discarded | M28: 1 | N28: 0 | P28: FALSE | Q28: =SUM(R28:CC28) -> 4 | R28: 1 | S28: 1 | T28: 1 | U28: 1 | V28: 0 | ID28: - | IE28: degenerate at day 5 in system (2025-11-08) | IF28: Disscard | IG28: 6 | IH28: Box-6 There were 3 fish. One died, so 2 are left.
A29: 28 | C29: RT19 | D29: DC15 | E29: 45964 | F29: TAB Taiwan 20-03-25 | G29: E3 | H29: TU Chunks cells-02 | I29: TU | J29: No.28_Clone2-TU cell-02 | K29: Discarded | M29: 1 | N29: 0 | P29: FALSE | Q29: =SUM(R29:DM29) -> 13 | R29: 1 | S29: 1 | T29: 1 | U29: 1 | V29: 1 | W29: 1 | X29: 1 | Y29: 1 | Z29: 1 | AA29: 1 | AB29: 1 | AC29: 1 | AD29: 1 | ID29: Alive | IE29: Alive normal | IF29: Day 8 | IG29: 6
A30: 29 | B30: CL31 | C30: RT13 | D30: DC15 | E30: 45964 | F30: TAB Taiwan 20-03-25 | G30: E3 | H30: TU Chunks cells-02 | I30: TU | J30: No.29_Clone8-TU cell-02 | K30: Frozen | L30: Caudal fin clip | M30: 1 | N30: 0 | O30: M | P30: FALSE | Q30: =SUM(R30:GO30) -> 162 | R30: 1 | S30: 1 | T30: 1 | U30: 1 | V30: 1 | W30: 1 | X30: 1 | Y30: 1 | Z30: 1 | AA30: 1 | AB30: 1 | AC30: 1 | AD30: 1 | AE30: 1 | AF30: 1 | AG30: 1 | AH30: 1 | AI30: 1 | AJ30: 1 | AK30: 1 | AL30: 1 | AM30: 1 | AN30: 1 | AO30: 1 | AP30: 1 | AQ30: 1 | AR30: 1 | AS30: 1 | AT30: 1 | AU30: 1 | AV30: 1 | AW30: 1 | AX30: 1 | AY30: 1 | AZ30: 1 | BA30: 1 | BB30: 1 | BC30: 1 | BD30: 1 | BE30: 1 | BF30: 1 | BG30: 1 | BH30: 1 | BI30: 1 | BJ30: 1 | BK30: 1 | BL30: 1 | BM30: 1 | BN30: 1 | BO30: 1 | BP30: 1 | BQ30: 1 | BR30: 1 | BS30: 1 | BT30: 1 | BU30: 1 | BV30: 1 | BW30: 1 | BX30: 1 | BY30: 1 | BZ30: 1 | CA30: 1 | CB30: 1 | CC30: 1 | CD30: 1 | CE30: 1 | CF30: 1 | CG30: 1 | CH30: 1 | CI30: 1 | CJ30: 1 | CK30: 1 | CL30: 1 | CM30: 1 | CN30: 1 | CO30: 1 | CP30: 1 | CQ30: 1 | CR30: 1 | CS30: 1 | CT30: 1 | CU30: 1 | CV30: 1 | CW30: 1 | CX30: 1 | CY30: 1 | CZ30: 1 | DA30: 1 | DB30: 1 | DC30: 1 | DD30: 1 | DE30: 1 | DF30: 1 | DG30: 1 | DH30: 1 | DI30: 1 | DJ30: 1 | DK30: 1 | DL30: 1 | DM30: 1 | DN30: 1 | DO30: 1 | DP30: 1 | DQ30: 1 | DR30: 1 | DS30: 1 | DT30: 1 | DU30: 1 | DV30: 1 | DW30: 1 | DX30: 1 | DY30: 1 | DZ30: 1 | EA30: 1 | EB30: 1 | EC30: 1 | ED30: 1 | EE30: 1 | EF30: 1 | EG30: 1 | EH30: 1 | EI30: 1 | EJ30: 1 | EK30: 1 | EL30: 1 | EM30: 1 | EN30: 1 | EO30: 1 | EP30: 1 | EQ30: 1 | ER30: 1 | ES30: 1 | ET30: 1 | EU30: 1 | EV30: 1 | EW30: 1 | EX30: 1 | EY30: 1 | EZ30: 1 | FA30: 1 | FB30: 1 | FC30: 1 | FD30: 1 | FE30: 1 | FF30: 1 | FG30: 1 | FH30: 1 | FI30: 1 | FJ30: 1 | FK30: 1 | FL30: 1 | FM30: 1 | FN30: 1 | FO30: 1 | FP30: 1 | FQ30: 1 | FR30: 1 | FS30: 1 | FT30: 1 | FU30: 1 | FV30: 1 | FW30: 1 | ID30: Alive | IE30: Alive normal | IF30: Day 8 | IG30: 6
A31: 30 | B31: CL23 | C31: RT14 | D31: DC16 | E31: 45968 | F31: TAB Taiwan 20-03-25 | G31: E3 | H31: AB Chunks cells-04 | I31: AB | J31: No.30_Clone2-AB cell-04 | K31: Alive | L31: Caudal fin clip | M31: 1 | N31: 0 | O31: M | P31: TRUE | Q31: =SUM(R31:IC31) -> 169 | R31: 1 | S31: 1 | T31: 1 | U31: 1 | V31: 1 | W31: 1 | X31: 1 | Y31: 1 | Z31: 1 | AA31: 1 | AB31: 1 | AC31: 1 | AD31: 1 | AE31: 1 | AF31: 1 | AG31: 1 | AH31: 1 | AI31: 1 | AJ31: 1 | AK31: 1 | AL31: 1 | AM31: 1 | AN31: 1 | AO31: 1 | AP31: 1 | AQ31: 1 | AR31: 1 | AS31: 1 | AT31: 1 | AU31: 1 | AV31: 1 | AW31: 1 | AX31: 1 | AY31: 1 | AZ31: 1 | BA31: 1 | BB31: 1 | BC31: 1 | BD31: 1 | BE31: 1 | BF31: 1 | BG31: 1 | BH31: 1 | BI31: 1 | BJ31: 1 | BK31: 1 | BL31: 1 | BM31: 1 | BN31: 1 | BO31: 1 | BP31: 1 | BQ31: 1 | BR31: 1 | BS31: 1 | BT31: 1 | BU31: 1 | BV31: 1 | BW31: 1 | BX31: 1 | BY31: 1 | BZ31: 1 | CA31: 1 | CB31: 1 | CC31: 1 | CD31: 1 | CE31: 1 | CF31: 1 | CG31: 1 | CH31: 1 | CI31: 1 | CJ31: 1 | CK31: 1 | CL31: 1 | CM31: 1 | CN31: 1 | CO31: 1 | CP31: 1 | CQ31: 1 | CR31: 1 | CS31: 1 | CT31: 1 | CU31: 1 | CV31: 1 | CW31: 1 | CX31: 1 | CY31: 1 | CZ31: 1 | DA31: 1 | DB31: 1 | DC31: 1 | DD31: 1 | DE31: 1 | DF31: 1 | DG31: 1 | DH31: 1 | DI31: 1 | DJ31: 1 | DK31: 1 | DL31: 1 | DM31: 1 | DN31: 1 | DO31: 1 | DP31: 1 | DQ31: 1 | DR31: 1 | DS31: 1 | DT31: 1 | DU31: 1 | DV31: 1 | DW31: 1 | DX31: 1 | DY31: 1 | DZ31: 1 | EA31: 1 | EB31: 1 | EC31: 1 | ED31: 1 | EE31: 1 | EF31: 1 | EG31: 1 | EH31: 1 | EI31: 1 | EJ31: 1 | EK31: 1 | EL31: 1 | EM31: 1 | EN31: 1 | EO31: 1 | EP31: 1 | EQ31: 1 | ER31: 1 | ES31: 1 | ET31: 1 | EU31: 1 | EV31: 1 | EW31: 1 | EX31: 1 | EY31: 1 | EZ31: 1 | FA31: 1 | FB31: 1 | FC31: 1 | FD31: 1 | FE31: 1 | FF31: 1 | FG31: 1 | FH31: 1 | FI31: 1 | FJ31: 1 | FK31: 1 | FL31: 1 | FM31: 1 | FN31: 1 | FO31: 1 | FP31: 1 | FQ31: 1 | FR31: 1 | FS31: 1 | FT31: 1 | FU31: 1 | FV31: 1 | FW31: 1 | FX31: 1 | FY31: 1 | FZ31: 1 | GA31: 1 | GB31: 1 | GC31: 1 | GD31: 1 | ID31: Alive | IE31: Alive normal | IF31: Day 4 | IG31: 7
A32: 31 | B32: CL24 | C32: RT14 | D32: DC16 | E32: 45968 | F32: TAB Taiwan 20-03-25 | G32: E3 | H32: AB Chunks cells-04 | I32: AB | J32: No.31_Clone5-AB cell-04 | K32: Alive | L32: Caudal fin clip | M32: 1 | N32: 0 | O32: F | P32: TRUE | Q32: =SUM(R32:IC32) -> 169 | R32: 1 | S32: 1 | T32: 1 | U32: 1 | V32: 1 | W32: 1 | X32: 1 | Y32: 1 | Z32: 1 | AA32: 1 | AB32: 1 | AC32: 1 | AD32: 1 | AE32: 1 | AF32: 1 | AG32: 1 | AH32: 1 | AI32: 1 | AJ32: 1 | AK32: 1 | AL32: 1 | AM32: 1 | AN32: 1 | AO32: 1 | AP32: 1 | AQ32: 1 | AR32: 1 | AS32: 1 | AT32: 1 | AU32: 1 | AV32: 1 | AW32: 1 | AX32: 1 | AY32: 1 | AZ32: 1 | BA32: 1 | BB32: 1 | BC32: 1 | BD32: 1 | BE32: 1 | BF32: 1 | BG32: 1 | BH32: 1 | BI32: 1 | BJ32: 1 | BK32: 1 | BL32: 1 | BM32: 1 | BN32: 1 | BO32: 1 | BP32: 1 | BQ32: 1 | BR32: 1 | BS32: 1 | BT32: 1 | BU32: 1 | BV32: 1 | BW32: 1 | BX32: 1 | BY32: 1 | BZ32: 1 | CA32: 1 | CB32: 1 | CC32: 1 | CD32: 1 | CE32: 1 | CF32: 1 | CG32: 1 | CH32: 1 | CI32: 1 | CJ32: 1 | CK32: 1 | CL32: 1 | CM32: 1 | CN32: 1 | CO32: 1 | CP32: 1 | CQ32: 1 | CR32: 1 | CS32: 1 | CT32: 1 | CU32: 1 | CV32: 1 | CW32: 1 | CX32: 1 | CY32: 1 | CZ32: 1 | DA32: 1 | DB32: 1 | DC32: 1 | DD32: 1 | DE32: 1 | DF32: 1 | DG32: 1 | DH32: 1 | DI32: 1 | DJ32: 1 | DK32: 1 | DL32: 1 | DM32: 1 | DN32: 1 | DO32: 1 | DP32: 1 | DQ32: 1 | DR32: 1 | DS32: 1 | DT32: 1 | DU32: 1 | DV32: 1 | DW32: 1 | DX32: 1 | DY32: 1 | DZ32: 1 | EA32: 1 | EB32: 1 | EC32: 1 | ED32: 1 | EE32: 1 | EF32: 1 | EG32: 1 | EH32: 1 | EI32: 1 | EJ32: 1 | EK32: 1 | EL32: 1 | EM32: 1 | EN32: 1 | EO32: 1 | EP32: 1 | EQ32: 1 | ER32: 1 | ES32: 1 | ET32: 1 | EU32: 1 | EV32: 1 | EW32: 1 | EX32: 1 | EY32: 1 | EZ32: 1 | FA32: 1 | FB32: 1 | FC32: 1 | FD32: 1 | FE32: 1 | FF32: 1 | FG32: 1 | FH32: 1 | FI32: 1 | FJ32: 1 | FK32: 1 | FL32: 1 | FM32: 1 | FN32: 1 | FO32: 1 | FP32: 1 | FQ32: 1 | FR32: 1 | FS32: 1 | FT32: 1 | FU32: 1 | FV32: 1 | FW32: 1 | FX32: 1 | FY32: 1 | FZ32: 1 | GA32: 1 | GB32: 1 | GC32: 1 | GD32: 1 | ID32: Alive | IE32: Alive normal | IF32: Day 4 | IG32: 7
A33: 32 | B33: CL25 | C33: RT15 | D33: DC17 | E33: 45981 | F33: TAB Taiwan 20-03-25 | G33: E2 | H33: NHGRI dissociated cells-17 | I33: NHGRI | J33: No.32_Clone1-NHGRI_cell-17 | K33: Alive | L33: Caudal fin clip | M33: 1 | N33: 0 | O33: M | P33: TRUE | Q33: =SUM(R33:GO33) -> 156 | R33: 1 | S33: 1 | T33: 1 | U33: 1 | V33: 1 | W33: 1 | X33: 1 | Y33: 1 | Z33: 1 | AA33: 1 | AB33: 1 | AC33: 1 | AD33: 1 | AE33: 1 | AF33: 1 | AG33: 1 | AH33: 1 | AI33: 1 | AJ33: 1 | AK33: 1 | AL33: 1 | AM33: 1 | AN33: 1 | AO33: 1 | AP33: 1 | AQ33: 1 | AR33: 1 | AS33: 1 | AT33: 1 | AU33: 1 | AV33: 1 | AW33: 1 | AX33: 1 | AY33: 1 | AZ33: 1 | BA33: 1 | BB33: 1 | BC33: 1 | BD33: 1 | BE33: 1 | BF33: 1 | BG33: 1 | BH33: 1 | BI33: 1 | BJ33: 1 | BK33: 1 | BL33: 1 | BM33: 1 | BN33: 1 | BO33: 1 | BP33: 1 | BQ33: 1 | BR33: 1 | BS33: 1 | BT33: 1 | BU33: 1 | BV33: 1 | BW33: 1 | BX33: 1 | BY33: 1 | BZ33: 1 | CA33: 1 | CB33: 1 | CC33: 1 | CD33: 1 | CE33: 1 | CF33: 1 | CG33: 1 | CH33: 1 | CI33: 1 | CJ33: 1 | CK33: 1 | CL33: 1 | CM33: 1 | CN33: 1 | CO33: 1 | CP33: 1 | CQ33: 1 | CR33: 1 | CS33: 1 | CT33: 1 | CU33: 1 | CV33: 1 | CW33: 1 | CX33: 1 | CY33: 1 | CZ33: 1 | DA33: 1 | DB33: 1 | DC33: 1 | DD33: 1 | DE33: 1 | DF33: 1 | DG33: 1 | DH33: 1 | DI33: 1 | DJ33: 1 | DK33: 1 | DL33: 1 | DM33: 1 | DN33: 1 | DO33: 1 | DP33: 1 | DQ33: 1 | DR33: 1 | DS33: 1 | DT33: 1 | DU33: 1 | DV33: 1 | DW33: 1 | DX33: 1 | DY33: 1 | DZ33: 1 | EA33: 1 | EB33: 1 | EC33: 1 | ED33: 1 | EE33: 1 | EF33: 1 | EG33: 1 | EH33: 1 | EI33: 1 | EJ33: 1 | EK33: 1 | EL33: 1 | EM33: 1 | EN33: 1 | EO33: 1 | EP33: 1 | EQ33: 1 | ER33: 1 | ES33: 1 | ET33: 1 | EU33: 1 | EV33: 1 | EW33: 1 | EX33: 1 | EY33: 1 | EZ33: 1 | FA33: 1 | FB33: 1 | FC33: 1 | FD33: 1 | FE33: 1 | FF33: 1 | FG33: 1 | FH33: 1 | FI33: 1 | FJ33: 1 | FK33: 1 | FL33: 1 | FM33: 1 | FN33: 1 | FO33: 1 | FP33: 1 | FQ33: 1
A34: 33 | B34: CL26 | C34: RT16 | D34: DC18 | E34: 45986 | F34: LongFin 23-05-25 | G34: E9 | H34: NHGRI dissociated cells-18 | I34: NHGRI | J34: No.33_Clone1-NHGRI_cell-18 | K34: Alive | L34: Anal fin clip | M34: 0 | N34: 1 | O34: M | P34: TRUE | Q34: =SUM(R34:GO34) -> 151 | R34: 1 | S34: 1 | T34: 1 | U34: 1 | V34: 1 | W34: 1 | X34: 1 | Y34: 1 | Z34: 1 | AA34: 1 | AB34: 1 | AC34: 1 | AD34: 1 | AE34: 1 | AF34: 1 | AG34: 1 | AH34: 1 | AI34: 1 | AJ34: 1 | AK34: 1 | AL34: 1 | AM34: 1 | AN34: 1 | AO34: 1 | AP34: 1 | AQ34: 1 | AR34: 1 | AS34: 1 | AT34: 1 | AU34: 1 | AV34: 1 | AW34: 1 | AX34: 1 | AY34: 1 | AZ34: 1 | BA34: 1 | BB34: 1 | BC34: 1 | BD34: 1 | BE34: 1 | BF34: 1 | BG34: 1 | BH34: 1 | BI34: 1 | BJ34: 1 | BK34: 1 | BL34: 1 | BM34: 1 | BN34: 1 | BO34: 1 | BP34: 1 | BQ34: 1 | BR34: 1 | BS34: 1 | BT34: 1 | BU34: 1 | BV34: 1 | BW34: 1 | BX34: 1 | BY34: 1 | BZ34: 1 | CA34: 1 | CB34: 1 | CC34: 1 | CD34: 1 | CE34: 1 | CF34: 1 | CG34: 1 | CH34: 1 | CI34: 1 | CJ34: 1 | CK34: 1 | CL34: 1 | CM34: 1 | CN34: 1 | CO34: 1 | CP34: 1 | CQ34: 1 | CR34: 1 | CS34: 1 | CT34: 1 | CU34: 1 | CV34: 1 | CW34: 1 | CX34: 1 | CY34: 1 | CZ34: 1 | DA34: 1 | DB34: 1 | DC34: 1 | DD34: 1 | DE34: 1 | DF34: 1 | DG34: 1 | DH34: 1 | DI34: 1 | DJ34: 1 | DK34: 1 | DL34: 1 | DM34: 1 | DN34: 1 | DO34: 1 | DP34: 1 | DQ34: 1 | DR34: 1 | DS34: 1 | DT34: 1 | DU34: 1 | DV34: 1 | DW34: 1 | DX34: 1 | DY34: 1 | DZ34: 1 | EA34: 1 | EB34: 1 | EC34: 1 | ED34: 1 | EE34: 1 | EF34: 1 | EG34: 1 | EH34: 1 | EI34: 1 | EJ34: 1 | EK34: 1 | EL34: 1 | EM34: 1 | EN34: 1 | EO34: 1 | EP34: 1 | EQ34: 1 | ER34: 1 | ES34: 1 | ET34: 1 | EU34: 1 | EV34: 1 | EW34: 1 | EX34: 1 | EY34: 1 | EZ34: 1 | FA34: 1 | FB34: 1 | FC34: 1 | FD34: 1 | FE34: 1 | FF34: 1 | FG34: 1 | FH34: 1 | FI34: 1 | FJ34: 1 | FK34: 1 | FL34: 1
A35: 34 | B35: CL27 | C35: RT16 | D35: DC18 | E35: 45986 | F35: LongFin 23-05-25 | G35: E9 | H35: NHGRI dissociated cells-18 | I35: NHGRI | J35: No.34_Clone1-NHGRI_cell-18 | K35: Alive | L35: Caudal fin clip | M35: 1 | N35: 0 | O35: M | P35: TRUE | Q35: =SUM(R35:GO35) -> 151 | R35: 1 | S35: 1 | T35: 1 | U35: 1 | V35: 1 | W35: 1 | X35: 1 | Y35: 1 | Z35: 1 | AA35: 1 | AB35: 1 | AC35: 1 | AD35: 1 | AE35: 1 | AF35: 1 | AG35: 1 | AH35: 1 | AI35: 1 | AJ35: 1 | AK35: 1 | AL35: 1 | AM35: 1 | AN35: 1 | AO35: 1 | AP35: 1 | AQ35: 1 | AR35: 1 | AS35: 1 | AT35: 1 | AU35: 1 | AV35: 1 | AW35: 1 | AX35: 1 | AY35: 1 | AZ35: 1 | BA35: 1 | BB35: 1 | BC35: 1 | BD35: 1 | BE35: 1 | BF35: 1 | BG35: 1 | BH35: 1 | BI35: 1 | BJ35: 1 | BK35: 1 | BL35: 1 | BM35: 1 | BN35: 1 | BO35: 1 | BP35: 1 | BQ35: 1 | BR35: 1 | BS35: 1 | BT35: 1 | BU35: 1 | BV35: 1 | BW35: 1 | BX35: 1 | BY35: 1 | BZ35: 1 | CA35: 1 | CB35: 1 | CC35: 1 | CD35: 1 | CE35: 1 | CF35: 1 | CG35: 1 | CH35: 1 | CI35: 1 | CJ35: 1 | CK35: 1 | CL35: 1 | CM35: 1 | CN35: 1 | CO35: 1 | CP35: 1 | CQ35: 1 | CR35: 1 | CS35: 1 | CT35: 1 | CU35: 1 | CV35: 1 | CW35: 1 | CX35: 1 | CY35: 1 | CZ35: 1 | DA35: 1 | DB35: 1 | DC35: 1 | DD35: 1 | DE35: 1 | DF35: 1 | DG35: 1 | DH35: 1 | DI35: 1 | DJ35: 1 | DK35: 1 | DL35: 1 | DM35: 1 | DN35: 1 | DO35: 1 | DP35: 1 | DQ35: 1 | DR35: 1 | DS35: 1 | DT35: 1 | DU35: 1 | DV35: 1 | DW35: 1 | DX35: 1 | DY35: 1 | DZ35: 1 | EA35: 1 | EB35: 1 | EC35: 1 | ED35: 1 | EE35: 1 | EF35: 1 | EG35: 1 | EH35: 1 | EI35: 1 | EJ35: 1 | EK35: 1 | EL35: 1 | EM35: 1 | EN35: 1 | EO35: 1 | EP35: 1 | EQ35: 1 | ER35: 1 | ES35: 1 | ET35: 1 | EU35: 1 | EV35: 1 | EW35: 1 | EX35: 1 | EY35: 1 | EZ35: 1 | FA35: 1 | FB35: 1 | FC35: 1 | FD35: 1 | FE35: 1 | FF35: 1 | FG35: 1 | FH35: 1 | FI35: 1 | FJ35: 1 | FK35: 1 | FL35: 1
E36: 45986 | H36: NHGRI dissociated cells-18 | I36: NHGRI | J36: No.35_Clone5-NHGRI_cell-18 | K36: Discarded | L36: 0 | M36: 1 | P36: 4 | Q36: 1 | R36: 1 | S36: 1 | T36: 1
A37: 35 | B37: CL28 | C37: RT16 | D37: DC18 | E37: 45986 | F37: LongFin 23-05-25 | G37: E9 | H37: NHGRI dissociated cells-18 | I37: NHGRI | J37: No.36_Clone6-NHGRI_cell-18 | K37: Alive | L37: Caudal fin clip | M37: 1 | N37: 0 | O37: M | P37: TRUE | Q37: =SUM(R37:GO37) -> 151 | R37: 1 | S37: 1 | T37: 1 | U37: 1 | V37: 1 | W37: 1 | X37: 1 | Y37: 1 | Z37: 1 | AA37: 1 | AB37: 1 | AC37: 1 | AD37: 1 | AE37: 1 | AF37: 1 | AG37: 1 | AH37: 1 | AI37: 1 | AJ37: 1 | AK37: 1 | AL37: 1 | AM37: 1 | AN37: 1 | AO37: 1 | AP37: 1 | AQ37: 1 | AR37: 1 | AS37: 1 | AT37: 1 | AU37: 1 | AV37: 1 | AW37: 1 | AX37: 1 | AY37: 1 | AZ37: 1 | BA37: 1 | BB37: 1 | BC37: 1 | BD37: 1 | BE37: 1 | BF37: 1 | BG37: 1 | BH37: 1 | BI37: 1 | BJ37: 1 | BK37: 1 | BL37: 1 | BM37: 1 | BN37: 1 | BO37: 1 | BP37: 1 | BQ37: 1 | BR37: 1 | BS37: 1 | BT37: 1 | BU37: 1 | BV37: 1 | BW37: 1 | BX37: 1 | BY37: 1 | BZ37: 1 | CA37: 1 | CB37: 1 | CC37: 1 | CD37: 1 | CE37: 1 | CF37: 1 | CG37: 1 | CH37: 1 | CI37: 1 | CJ37: 1 | CK37: 1 | CL37: 1 | CM37: 1 | CN37: 1 | CO37: 1 | CP37: 1 | CQ37: 1 | CR37: 1 | CS37: 1 | CT37: 1 | CU37: 1 | CV37: 1 | CW37: 1 | CX37: 1 | CY37: 1 | CZ37: 1 | DA37: 1 | DB37: 1 | DC37: 1 | DD37: 1 | DE37: 1 | DF37: 1 | DG37: 1 | DH37: 1 | DI37: 1 | DJ37: 1 | DK37: 1 | DL37: 1 | DM37: 1 | DN37: 1 | DO37: 1 | DP37: 1 | DQ37: 1 | DR37: 1 | DS37: 1 | DT37: 1 | DU37: 1 | DV37: 1 | DW37: 1 | DX37: 1 | DY37: 1 | DZ37: 1 | EA37: 1 | EB37: 1 | EC37: 1 | ED37: 1 | EE37: 1 | EF37: 1 | EG37: 1 | EH37: 1 | EI37: 1 | EJ37: 1 | EK37: 1 | EL37: 1 | EM37: 1 | EN37: 1 | EO37: 1 | EP37: 1 | EQ37: 1 | ER37: 1 | ES37: 1 | ET37: 1 | EU37: 1 | EV37: 1 | EW37: 1 | EX37: 1 | EY37: 1 | EZ37: 1 | FA37: 1 | FB37: 1 | FC37: 1 | FD37: 1 | FE37: 1 | FF37: 1 | FG37: 1 | FH37: 1 | FI37: 1 | FJ37: 1 | FK37: 1 | FL37: 1
E38: 45986 | H38: NHGRI dissociated cells-18 | I38: NHGRI | J38: No.37_Clone2-NHGRI_cell-18 | K38: Discarded | L38: 0 | M38: 1 | O38: FALSE | P38: 3 | Q38: 1 | R38: 1 | S38: 1
E39: 45986 | H39: NHGRI dissociated cells-18 | I39: NHGRI | J39: No.38_Clone3-NHGRI_cell-18 | K39: Discarded | L39: 0 | M39: 1 | O39: FALSE | P39: 3 | Q39: 1 | R39: 1 | S39: 1
A40: 36 | C40: RT17 | D40: DC19 | E40: 45988 | F40: TAB Taiwan 20-03-25 | G40: E1 | H40: NHGRI dissociated cells-19 | I40: NHGRI | J40: No.39_Clone2-NHGRI_cell-19 | K40: Discarded | M40: 1 | N40: 0 | P40: FALSE | Q40: =SUM(R40:DM40) -> 11 | R40: 1 | S40: 1 | T40: 1 | U40: 1 | V40: 1 | W40: 1 | X40: 1 | Y40: 1 | Z40: 1 | AA40: 1 | AB40: 1
A41: 37 | C41: RT17 | D41: DC19 | E41: 45988 | F41: TAB Taiwan 20-03-25 | G41: E1 | H41: NHGRI dissociated cells-19 | I41: NHGRI | J41: No.40_Clone3-NHGRI_cell-19 | K41: Discarded | M41: 1 | N41: 0 | P41: FALSE | Q41: =SUM(R41:DM41) -> 47 | R41: 1 | S41: 1 | T41: 1 | U41: 1 | V41: 1 | W41: 1 | X41: 1 | Y41: 1 | Z41: 1 | AA41: 1 | AB41: 1 | AC41: 1 | AD41: 1 | AE41: 1 | AF41: 1 | AG41: 1 | AH41: 1 | AI41: 1 | AJ41: 1 | AK41: 1 | AL41: 1 | AM41: 1 | AN41: 1 | AO41: 1 | AP41: 1 | AQ41: 1 | AR41: 1 | AS41: 1 | AT41: 1 | AU41: 1 | AV41: 1 | AW41: 1 | AX41: 1 | AY41: 1 | AZ41: 1 | BA41: 1 | BB41: 1 | BC41: 1 | BD41: 1 | BE41: 1 | BF41: 1 | BG41: 1 | BH41: 1 | BI41: 1 | BJ41: 1 | BK41: 1 | BL41: 1
E42: 45988 | H42: NHGRI dissociated cells-19 | I42: NHGRI | J42: No.41_Clone4-NHGRI_cell-19 | K42: Discarded | L42: 0 | M42: 1 | O42: FALSE | P42: 2 | Q42: 1 | R42: 1
E43: 45988 | H43: NHGRI dissociated cells-19 | I43: NHGRI | J43: No.42_Clone5-NHGRI_cell-19 | K43: Discarded | L43: 0 | M43: 1 | O43: FALSE | P43: 2 | Q43: 1 | R43: 1
E44: 45988 | H44: NHGRI dissociated cells-19 | I44: NHGRI | J44: No.43_Clone6-NHGRI_cell-19 | K44: Discarded | L44: 0 | M44: 1 | O44: FALSE | P44: 2 | Q44: 1 | R44: 1
E45: 45988 | H45: NHGRI dissociated cells-19 | I45: NHGRI | J45: No.44_Clone7-NHGRI_cell-19 | K45: Discarded | L45: 0 | M45: 1 | O45: FALSE | P45: 2 | Q45: 1 | R45: 1
A46: 38 | B46: CL29 | C46: RT17 | D46: DC19 | E46: 45988 | F46: TAB Taiwan 20-03-25 | G46: E1 | H46: NHGRI dissociated cells-19 | I46: NHGRI | J46: No.45_Clone1-NHGRI_cell-19 | K46: Alive | L46: Caudal fin clip | M46: 1 | N46: 0 | O46: F | P46: TRUE | Q46: =SUM(R46:GO46) -> 149 | R46: 1 | S46: 1 | T46: 1 | U46: 1 | V46: 1 | W46: 1 | X46: 1 | Y46: 1 | Z46: 1 | AA46: 1 | AB46: 1 | AC46: 1 | AD46: 1 | AE46: 1 | AF46: 1 | AG46: 1 | AH46: 1 | AI46: 1 | AJ46: 1 | AK46: 1 | AL46: 1 | AM46: 1 | AN46: 1 | AO46: 1 | AP46: 1 | AQ46: 1 | AR46: 1 | AS46: 1 | AT46: 1 | AU46: 1 | AV46: 1 | AW46: 1 | AX46: 1 | AY46: 1 | AZ46: 1 | BA46: 1 | BB46: 1 | BC46: 1 | BD46: 1 | BE46: 1 | BF46: 1 | BG46: 1 | BH46: 1 | BI46: 1 | BJ46: 1 | BK46: 1 | BL46: 1 | BM46: 1 | BN46: 1 | BO46: 1 | BP46: 1 | BQ46: 1 | BR46: 1 | BS46: 1 | BT46: 1 | BU46: 1 | BV46: 1 | BW46: 1 | BX46: 1 | BY46: 1 | BZ46: 1 | CA46: 1 | CB46: 1 | CC46: 1 | CD46: 1 | CE46: 1 | CF46: 1 | CG46: 1 | CH46: 1 | CI46: 1 | CJ46: 1 | CK46: 1 | CL46: 1 | CM46: 1 | CN46: 1 | CO46: 1 | CP46: 1 | CQ46: 1 | CR46: 1 | CS46: 1 | CT46: 1 | CU46: 1 | CV46: 1 | CW46: 1 | CX46: 1 | CY46: 1 | CZ46: 1 | DA46: 1 | DB46: 1 | DC46: 1 | DD46: 1 | DE46: 1 | DF46: 1 | DG46: 1 | DH46: 1 | DI46: 1 | DJ46: 1 | DK46: 1 | DL46: 1 | DM46: 1 | DN46: 1 | DO46: 1 | DP46: 1 | DQ46: 1 | DR46: 1 | DS46: 1 | DT46: 1 | DU46: 1 | DV46: 1 | DW46: 1 | DX46: 1 | DY46: 1 | DZ46: 1 | EA46: 1 | EB46: 1 | EC46: 1 | ED46: 1 | EE46: 1 | EF46: 1 | EG46: 1 | EH46: 1 | EI46: 1 | EJ46: 1 | EK46: 1 | EL46: 1 | EM46: 1 | EN46: 1 | EO46: 1 | EP46: 1 | EQ46: 1 | ER46: 1 | ES46: 1 | ET46: 1 | EU46: 1 | EV46: 1 | EW46: 1 | EX46: 1 | EY46: 1 | EZ46: 1 | FA46: 1 | FB46: 1 | FC46: 1 | FD46: 1 | FE46: 1 | FF46: 1 | FG46: 1 | FH46: 1 | FI46: 1 | FJ46: 1
E47: 45988 | H47: NHGRI dissociated cells-19 | I47: NHGRI | J47: No.46_Clone3-NHGRI_cell-19 | K47: Discarded | L47: 0 | M47: 1 | P47: 2 | Q47: 1 | R47: 1

Sheet Specimen Code for DNA Analysis
A1: No | B1: CODE | C1: Specimen type | E1: Definition
A2: 1 | B2: CL1 | C2: Whole embryo | E2: CL = Clone
A3: 2 | B3: CL2 | C3: Whole embryo | E3: RT = Recipient Tail
A4: 3 | B4: CL3 | C4: Whole embryo | E4: DC = Donor cell
A5: 4 | B5: CL4 | C5: Whole embryo
A6: 5 | B6: CL5 | C6: Whole embryo
A7: 6 | B7: CL6 | C7: Caudal fin clip
A8: 7 | B8: CL7 | C8: Whole embryo
A9: 8 | B9: CL8 | C9: Whole embryo
A10: 10 | B10: CL9 | C10: Whole embryo
A11: 11 | B11: CL10 | C11: Caudal fin clip
A12: 12 | B12: CL11 | C12: Whole embryo
A13: 13 | B13: CL12 | C13: Whole embryo
A14: 15 | B14: CL13 | C14: Whole embryo
A15: 16 | B15: CL14 | C15: Whole embryo
A16: 17 | B16: CL15 | C16: Whole embryo
... A70: 79 | B70: DC19 | C70: left over cells
